date,composite,volume,return_mag,sector_rs,delay
2025-05-01,-0.094329,-0.060398,-0.098334,-0.000814,-0.075492
2025-05-02,-0.021480,-0.011529,-0.024344,-0.101915,0.038600
2025-05-05,0.042054,0.001292,0.101909,-0.022564,-0.089239
2025-05-06,-0.101475,-0.110098,-0.030288,0.001207,-0.162611
2025-05-07,-0.091176,-0.071243,-0.034140,0.043759,-0.225662
2025-05-08,0.006108,0.040280,-0.005699,0.141125,-0.208594
2025-05-09,0.003613,0.010446,0.036865,0.030401,-0.165371
2025-05-12,0.018170,0.034126,-0.001925,-0.070230,0.040792
2025-05-13,0.129619,0.096361,0.107398,-0.118699,0.027630
2025-05-14,0.036679,0.045980,0.022525,-0.057467,-0.022608
2025-05-15,0.020648,0.043022,0.023331,-0.032631,-0.031261
2025-05-16,-0.044073,-0.041993,-0.073636,-0.082179,0.162135
2025-05-19,0.167241,0.130377,0.072753,0.002964,0.166244
2025-05-20,0.207433,0.182023,0.072935,0.020456,0.174159
2025-05-21,0.145710,0.052772,0.206618,-0.049485,-0.058380
2025-05-22,0.036190,0.052333,-0.015480,-0.018376,0.006440
2025-05-23,-0.143354,-0.089604,-0.149006,0.000785,0.000918
2025-05-27,0.018243,0.003403,0.004488,-0.063022,0.140512
2025-05-28,-0.014503,-0.024981,0.013362,-0.040010,0.024572
2025-05-29,-0.103678,-0.042502,-0.097868,-0.081506,-0.123082
2025-05-30,-0.094186,-0.130265,0.045168,-0.006930,-0.154980
2025-06-02,0.046315,0.032202,0.089869,0.048846,-0.165183
2025-06-03,0.032599,0.018978,0.056642,0.049548,-0.183983
2025-06-04,-0.109128,-0.032840,-0.114644,0.023741,-0.165434
2025-06-05,-0.129736,-0.133200,-0.048813,-0.001036,-0.103931
2025-06-06,-0.054353,-0.071428,-0.004599,-0.000706,0.020038
2025-06-09,-0.022885,-0.013621,-0.040040,-0.026338,0.053216
2025-06-10,-0.004593,0.023613,-0.080295,-0.029968,0.129276
2025-06-11,0.072856,0.094912,0.009468,-0.016860,0.052792
2025-06-12,0.112502,0.104583,0.048985,-0.066322,0.112370
2025-06-13,0.011010,0.022284,-0.009247,0.028444,0.056468
2025-06-16,-0.070906,-0.010522,-0.152237,-0.030723,0.156372
2025-06-17,0.028412,0.005345,0.042865,0.013376,0.005511
2025-06-18,-0.080031,-0.036697,-0.075096,-0.105779,-0.068322
2025-06-20,-0.141838,-0.122490,-0.069091,-0.078280,-0.056380
2025-06-23,-0.205567,-0.058114,-0.218721,-0.081040,-0.101357
2025-06-24,-0.026651,-0.053202,0.029686,-0.029751,-0.042529
2025-06-25,0.058860,0.017251,0.100997,-0.052050,-0.116194
2025-06-26,-0.135683,-0.106450,-0.125455,-0.044415,-0.001754
2025-06-27,0.072097,0.093467,0.039079,-0.072624,-0.090707
2025-06-30,-0.131627,-0.056628,-0.135684,-0.044206,-0.094902
2025-07-01,-0.091640,-0.071776,-0.052323,-0.098335,-0.042570
2025-07-02,0.081412,0.048336,0.058584,0.031684,-0.014147
2025-07-03,-0.042767,-0.016781,-0.071471,-0.017616,-0.029101
2025-07-07,-0.033213,-0.069082,0.056303,0.029561,-0.142233
2025-07-08,0.051515,0.038593,0.067031,0.010489,-0.077733
2025-07-09,-0.035642,0.011500,-0.053499,0.022396,-0.071645
2025-07-10,-0.061940,0.012018,-0.144252,-0.030163,0.122053
2025-07-11,0.014416,0.056039,-0.054262,0.068723,0.052527
2025-07-14,0.021132,0.044439,-0.030282,-0.007354,0.053895
2025-07-15,0.095602,0.059914,0.086116,0.100390,0.001214
2025-07-16,-0.031721,0.026290,-0.102273,0.069317,-0.010014
2025-07-17,-0.094916,-0.105720,-0.016857,-0.086348,-0.003012
2025-07-18,-0.030715,-0.017787,0.033152,-0.058295,-0.189567
2025-07-21,-0.133255,-0.031964,-0.175527,0.023692,-0.142519
2025-07-22,-0.070016,-0.050774,-0.056653,0.079500,-0.064583
2025-07-23,-0.134839,-0.107875,-0.152637,0.045476,0.053130
2025-07-24,-0.030000,0.002927,-0.078797,0.039552,0.043401
2025-07-25,0.019451,-0.044121,0.064362,-0.061353,0.102980
2025-07-28,0.028293,0.013701,-0.010377,-0.026925,0.169963
2025-07-29,0.166911,0.070957,0.153715,0.014941,0.240517
2025-07-30,0.092152,0.050419,0.059390,0.049088,0.101123
2025-07-31,-0.026479,-0.006113,-0.007724,0.076575,-0.062376
2025-08-01,-0.133464,-0.056930,-0.163003,-0.013331,-0.161332
2025-08-04,0.014942,-0.056296,0.117972,0.059978,-0.036402
2025-08-05,-0.036686,-0.030961,-0.021246,-0.026607,0.045595
2025-08-06,-0.015300,-0.066053,0.039857,0.012205,0.050947
2025-08-07,0.149645,0.093582,0.180091,0.097091,-0.147268
2025-08-08,0.083964,0.094163,0.103084,0.085085,-0.265482
2025-08-11,0.095313,0.106910,0.088847,0.063869,-0.222762
2025-08-12,0.059816,-0.024473,0.106321,0.067431,-0.089590
2025-08-13,-0.056016,-0.032746,-0.065068,0.033886,0.043297
2025-08-14,-0.121888,-0.152915,-0.052937,0.022742,0.056577
2025-08-15,0.059445,0.037039,0.064376,-0.066649,0.031552
2025-08-18,0.003331,-0.059554,0.080392,-0.106092,-0.000250
2025-08-19,0.084247,0.033873,0.145830,-0.021225,-0.261550
2025-08-20,-0.030955,-0.015594,-0.007738,-0.050910,-0.157950
2025-08-21,0.036917,0.023501,0.073290,-0.064960,-0.145462
2025-08-22,0.040049,-0.003015,0.039393,0.026589,0.051613
2025-08-25,-0.018249,0.030459,-0.046851,-0.063743,-0.021936
2025-08-26,-0.017000,-0.077170,0.054518,-0.058592,-0.014019
2025-08-27,-0.065273,-0.034818,-0.081174,0.044486,-0.019468
2025-08-28,-0.056576,-0.055824,-0.042432,0.035574,0.005577
2025-08-29,0.058727,0.068119,0.029915,0.000858,-0.031129
2025-09-02,0.025556,-0.016727,0.082292,-0.001528,-0.058301
2025-09-03,0.040660,0.052284,0.019027,-0.030675,0.043252
2025-09-04,0.053936,0.045219,0.021726,0.021271,0.078758
2025-09-05,0.192583,0.105676,0.201476,-0.099201,0.165155
2025-09-08,0.049996,0.049103,0.036812,-0.026510,-0.006721
2025-09-09,-0.017411,0.031403,-0.074133,0.014717,0.049433
2025-09-10,-0.022141,0.017836,-0.056778,0.069486,0.009526
2025-09-11,-0.093324,-0.042209,-0.158304,0.100878,0.116279
2025-09-12,0.044929,0.043478,0.003411,0.032805,0.048882
2025-09-15,-0.012199,-0.015386,-0.005792,-0.014014,-0.028116
2025-09-16,0.071240,0.054998,0.037931,-0.001061,0.043564
2025-09-17,-0.019198,-0.033715,0.014176,0.064936,0.025237
2025-09-18,0.106333,0.141522,0.015358,-0.013766,0.109805
2025-09-19,0.067245,0.040561,0.049171,0.005633,0.017991
2025-09-22,-0.001061,-0.033312,0.015732,0.006283,0.071535
2025-09-23,0.072675,0.051751,0.045117,0.033084,-0.010288
2025-09-24,0.055815,0.027362,0.052512,0.062868,-0.011112
2025-09-25,0.051577,0.094297,-0.002639,0.033499,-0.086718
2025-09-26,0.043349,0.087823,-0.021539,0.031108,-0.023651
2025-09-29,0.026788,0.051234,-0.006179,0.002126,-0.039291
2025-09-30,-0.107078,-0.068730,-0.062528,-0.021166,-0.077903
2025-10-01,0.053894,0.114468,-0.022669,0.010082,-0.046891
2025-10-02,0.176022,0.193296,0.047437,0.004917,0.080907
2025-10-03,0.171552,0.205149,0.058227,0.007492,0.019656
2025-10-06,-0.008818,-0.039752,0.020200,0.018454,0.150112
2025-10-07,0.019189,-0.001349,-0.006207,-0.051530,0.238436
2025-10-08,0.058906,0.079437,-0.021098,0.013711,0.212114
2025-10-09,0.076294,0.099325,0.019245,0.026964,0.048938
2025-10-10,-0.039524,0.048002,-0.082379,-0.066596,-0.173062
2025-10-13,-0.008426,-0.022852,0.006120,-0.008106,0.044503
2025-10-14,-0.088256,-0.094974,-0.080604,-0.046388,0.149787
2025-10-15,-0.091061,-0.119978,-0.047693,-0.097385,0.136176
2025-10-16,-0.215246,-0.197978,-0.147388,0.063620,-0.113866
2025-10-17,-0.188109,-0.189801,-0.138042,0.075671,-0.073472
2025-10-20,-0.159951,-0.144964,-0.115804,0.063579,-0.004366
2025-10-21,-0.067502,-0.072234,-0.015388,-0.061648,-0.023095
2025-10-22,0.037274,-0.034249,0.132519,-0.068762,-0.123367
2025-10-23,0.023010,-0.003392,0.058874,0.012189,-0.002509
2025-10-24,0.115967,0.125956,0.021565,-0.014525,0.107621
2025-10-27,0.100170,0.154955,-0.010289,0.083571,0.150356
2025-10-28,0.047965,0.054543,-0.024203,0.113695,0.042615
2025-10-29,-0.018147,0.023469,-0.056165,-0.028173,0.047998
2025-10-30,-0.022238,0.082345,-0.130807,-0.017381,0.094989
2025-10-31,0.073045,0.116678,-0.015950,-0.071578,0.064576
2025-11-03,0.030230,0.118552,-0.100416,0.067031,0.123181
2025-11-04,0.065932,0.007595,0.104042,-0.015593,-0.037456
2025-11-05,0.012860,-0.016258,0.052879,-0.027426,-0.034816
2025-11-06,-0.170861,-0.072080,-0.187193,0.018758,-0.148612
2025-11-07,0.010819,-0.005223,0.053782,0.037120,-0.065252
2025-11-10,0.114178,0.084457,0.073430,0.044592,0.064700
2025-11-11,0.086518,0.020480,0.064331,0.021868,0.164336
2025-11-12,0.081348,0.092078,-0.030012,0.043970,0.184556
2025-11-13,-0.000940,0.059379,-0.096602,0.099847,0.116151
2025-11-14,0.075147,0.090134,-0.008571,0.090322,0.131468
2025-11-17,-0.037380,0.013701,-0.142616,0.087646,0.193016
2025-11-18,-0.000175,0.044753,-0.085151,0.052070,0.051958
2025-11-19,-0.042082,-0.029928,-0.012201,-0.067263,-0.081087
2025-11-20,-0.049192,-0.129839,0.141182,-0.117880,-0.271018
2025-11-21,-0.204460,-0.142336,-0.119496,-0.124110,-0.227161
2025-11-24,0.000049,-0.000116,0.043929,-0.061308,-0.177902
2025-11-25,-0.036865,-0.023952,-0.026787,0.057170,-0.013578
2025-11-26,0.025173,-0.029326,0.063135,0.014652,0.064753
2025-11-28,-0.035586,0.030240,-0.070534,0.082067,0.013469
2025-12-01,-0.070118,-0.125833,0.030376,0.073022,-0.074865
2025-12-02,-0.059124,-0.062645,-0.008789,-0.070251,-0.035361
2025-12-03,0.101292,0.089898,0.055432,0.009588,0.031528
2025-12-04,-0.038496,0.001754,-0.102091,-0.005560,0.078403
2025-12-05,-0.015550,-0.034916,0.027962,0.045432,-0.040171
2025-12-08,-0.057913,-0.085852,0.015776,0.028575,-0.065052
2025-12-09,0.032156,-0.026754,0.087666,0.108799,-0.017680
2025-12-10,0.057052,0.108070,-0.020079,0.029479,0.089403
2025-12-11,0.137114,0.145462,0.003570,0.061123,0.198693
2025-12-12,0.116762,0.073173,0.048322,0.064559,0.176430
2025-12-15,-0.018461,0.041904,-0.108322,0.046250,0.130713
2025-12-16,-0.109817,-0.057937,-0.103658,-0.087518,-0.092787
2025-12-17,-0.087913,-0.102803,0.038327,-0.111716,-0.174017
2025-12-18,-0.142962,-0.079814,-0.135249,-0.097088,-0.079884
2025-12-19,-0.005226,0.027780,-0.046729,-0.007861,0.005983
2025-12-22,0.014863,0.028058,-0.013902,-0.112355,0.149716
2025-12-23,-0.018365,-0.015422,-0.041270,-0.080064,0.052840
2025-12-24,-0.004049,-0.081897,0.046304,-0.087824,0.026072
2025-12-26,0.053838,0.050862,0.005884,0.033910,0.044708
2025-12-29,0.023433,0.022566,0.010710,-0.030979,-0.035789
2025-12-30,-0.012087,0.007387,-0.031980,-0.002937,-0.073823
2025-12-31,-0.095638,-0.046199,-0.081726,0.014698,-0.116379
2026-01-02,-0.041510,-0.042288,-0.009132,-0.001603,-0.090676
2026-01-05,-0.060268,-0.047897,-0.034561,0.048044,-0.095814
2026-01-06,0.014444,-0.044864,0.039046,0.043358,-0.010977
2026-01-07,-0.049220,-0.071546,-0.004995,0.047276,-0.097094
2026-01-08,-0.008516,-0.011279,-0.002794,-0.022115,-0.027576
2026-01-09,-0.114427,-0.086035,-0.099157,0.025195,-0.068407
2026-01-12,0.045782,0.025410,0.037433,0.116953,-0.007932
2026-01-13,-0.034306,-0.036295,-0.017570,0.019031,-0.010552
2026-01-14,0.016804,0.063771,-0.045239,-0.032779,0.093708
2026-01-15,0.065912,0.068274,0.041463,-0.071513,0.045730
2026-01-16,0.016367,0.027795,0.020508,-0.053033,-0.027189
2026-01-20,0.119543,0.124548,0.096431,-0.057002,-0.044492
2026-01-21,0.207064,0.177939,0.148443,-0.019561,0.050577
2026-01-22,0.158683,0.173219,0.079288,0.027205,0.044738
2026-01-23,0.190082,0.227049,0.055406,0.034426,-0.017904
2026-01-26,0.104437,0.123298,-0.006404,0.073068,0.023062
2026-01-27,0.013889,-0.008846,-0.001272,0.043730,0.144614
2026-01-28,0.032317,-0.069639,0.095703,-0.033613,0.090043
2026-01-29,-0.067782,-0.111618,-0.004724,-0.011769,0.066086
2026-01-30,0.196304,0.155178,0.172882,0.013869,-0.011226
2026-02-02,0.108069,0.084124,0.059556,0.057929,0.118479
2026-02-03,-0.038502,-0.072000,0.002680,0.069432,0.003491
2026-02-04,-0.069276,0.005060,-0.072629,-0.038083,-0.051377
2026-02-05,-0.032851,-0.107241,0.126857,-0.129046,-0.208549
2026-02-06,-0.025525,0.025586,-0.074102,-0.043910,0.016767
2026-02-09,0.015473,0.072200,-0.073196,-0.005182,0.149388
2026-02-10,0.157128,0.073462,0.159354,0.011157,0.140511
2026-02-11,0.046712,0.035468,0.028156,-0.055087,0.054867
2026-02-12,-0.026585,-0.063903,0.024151,0.040482,-0.134412
2026-02-13,-0.227635,-0.104485,-0.251985,-0.063500,-0.082356
2026-02-17,0.021618,-0.045686,0.090915,-0.028108,-0.036202
2026-02-18,0.174299,0.142816,0.133465,0.019648,0.068173
2026-02-19,0.019852,0.082788,-0.049712,-0.083573,0.032224
2026-02-20,0.019418,0.005420,0.046541,-0.036158,-0.014830
2026-02-23,-0.017755,-0.018439,0.017997,-0.036640,-0.147295
2026-02-24,-0.049688,-0.037358,-0.035045,-0.044739,-0.030698
2026-02-25,-0.033738,0.037380,-0.068110,0.027385,0.025160
2026-02-26,0.046049,0.048525,-0.010194,-0.008537,0.127364
2026-02-27,0.017542,-0.023606,0.065651,0.046810,0.063949
2026-03-02,0.171808,0.078188,0.172831,-0.001030,0.125446
2026-03-03,0.064221,0.116324,-0.055274,0.032925,0.157618
2026-03-04,0.005948,0.043145,-0.089640,0.016590,0.164236
2026-03-05,0.112723,0.102743,0.072847,-0.034108,0.028572
2026-03-06,-0.012793,-0.031932,0.063370,-0.081480,-0.117727
2026-03-09,-0.029922,0.049041,-0.093909,0.033564,-0.001592
2026-03-10,0.059225,0.059770,0.003706,-0.047627,0.083664
2026-03-11,0.108485,0.078793,0.090230,-0.047692,0.053956
2026-03-12,0.032532,0.025581,0.037663,-0.097396,-0.064242
2026-03-13,0.025428,0.100565,-0.062706,0.035601,-0.019249
2026-03-16,0.214854,0.175095,0.153713,0.013851,0.083552
2026-03-17,0.258072,0.153809,0.242914,-0.001486,0.174488
2026-03-18,-0.072892,-0.039585,-0.083277,0.047266,0.044630
2026-03-19,0.068330,0.057475,0.046452,0.055794,-0.054519
2026-03-20,-0.074045,0.024099,-0.111767,0.017467,-0.198798
2026-03-23,0.035536,0.047873,0.027323,0.054051,-0.011799
2026-03-24,0.126447,0.140905,0.026859,0.017986,0.157314
2026-03-25,0.099284,0.109856,0.012660,-0.054556,0.164331
2026-03-26,0.037737,0.002871,0.066797,0.026369,-0.049676
2026-03-27,-0.123748,-0.203896,0.060619,0.030624,-0.147555
2026-03-30,-0.285096,-0.188238,-0.245479,-0.040794,-0.184333
2026-03-31,-0.128388,-0.117257,-0.080569,-0.029874,-0.125986
2026-04-01,0.020227,0.008111,0.041967,-0.019522,0.002709
2026-04-02,-0.239814,-0.169569,-0.198335,-0.035624,-0.157505
2026-04-06,-0.030424,-0.118622,0.140760,0.019486,-0.121338
2026-04-07,-0.162651,-0.187981,-0.040784,0.063660,-0.110214
2026-04-08,-0.008441,-0.035011,0.021892,0.045335,-0.062296
2026-04-09,-0.223879,-0.154030,-0.171842,0.069946,-0.150423
2026-04-10,-0.024910,-0.017532,0.015653,0.028056,-0.174822
2026-04-13,-0.018125,-0.010054,0.019725,-0.020330,-0.161907
2026-04-14,-0.088785,-0.025000,-0.073192,0.039454,-0.152162
2026-04-15,0.078869,0.017758,0.138752,0.024460,-0.082640
