date,composite,volume,return_mag,sector_rs
2024-11-01,-0.038271,-0.019211,-0.042627,0.016694
2024-11-04,-0.083482,-0.049255,-0.079065,0.007824
2024-11-05,0.145822,0.076176,0.150312,0.000904
2024-11-06,0.045569,0.054246,0.034164,0.022444
2024-11-07,0.024769,0.090372,-0.033681,0.036034
2024-11-08,-0.034144,0.031154,-0.088808,0.047205
2024-11-11,-0.098072,-0.110087,-0.046153,-0.029935
2024-11-12,0.023645,-0.040456,0.075936,-0.017483
2024-11-13,-0.074131,-0.054015,-0.074297,0.025427
2024-11-14,-0.040326,0.025430,-0.101386,0.015457
2024-11-15,0.097362,0.076437,0.081431,-0.025940
2024-11-18,0.043251,0.063089,0.013896,-0.053453
2024-11-19,0.022402,0.012317,0.035045,-0.058301
2024-11-20,-0.038106,-0.063736,0.016408,-0.022191
2024-11-21,0.001624,-0.056640,0.068294,-0.022964
2024-11-22,-0.010445,-0.077262,0.071752,-0.031704
2024-11-25,-0.110221,-0.072562,-0.078101,-0.055095
2024-11-26,0.049843,-0.027668,0.101270,0.029746
2024-11-27,0.083625,0.046988,0.075151,0.026900
2024-11-29,0.136993,0.054562,0.134105,-0.017760
2024-12-02,0.015085,0.064699,-0.028648,-0.070876
2024-12-03,0.039055,0.063664,-0.006244,-0.031496
2024-12-04,-0.021765,-0.011950,-0.029641,0.013331
2024-12-05,0.007470,-0.044491,0.062431,-0.023912
2024-12-06,-0.018304,-0.053665,0.021417,-0.002871
2024-12-09,-0.012689,-0.002330,-0.028925,-0.011586
2024-12-10,0.073042,0.074859,0.037235,-0.014661
2024-12-11,0.069097,0.074473,0.036869,-0.014789
2024-12-12,0.032036,0.033071,0.003306,-0.003746
2024-12-13,0.039567,0.023936,0.034312,0.009526
2024-12-16,-0.046206,-0.029819,-0.047117,0.001555
2024-12-17,-0.037128,-0.001902,-0.061824,0.052155
2024-12-18,0.017092,0.008500,0.025749,0.012549
2024-12-19,-0.045603,-0.019313,-0.060753,0.028686
2024-12-20,-0.028188,0.002688,-0.048757,-0.017087
2024-12-23,0.071212,0.090144,0.008524,0.030610
2024-12-24,0.025393,0.072004,-0.049528,0.022463
2024-12-26,0.014555,-0.001037,0.003876,0.005238
2024-12-27,-0.074566,0.024577,-0.167244,-0.007985
2024-12-30,-0.027024,0.005354,-0.057271,-0.005451
2024-12-31,0.003457,-0.001195,0.019522,-0.044259
2025-01-02,-0.040866,0.006171,-0.067799,-0.013260
2025-01-03,-0.032201,-0.019568,-0.039332,-0.008621
2025-01-06,-0.060219,-0.050270,-0.039179,-0.054997
2025-01-07,-0.073911,-0.046915,-0.068289,-0.086726
2025-01-08,-0.076080,-0.040946,-0.083450,-0.001370
2025-01-10,-0.062488,-0.109426,0.011943,-0.012521
2025-01-13,-0.082992,-0.118299,-0.010981,-0.027981
2025-01-14,0.001123,-0.049566,0.054785,-0.001738
2025-01-15,-0.081411,-0.040188,-0.109996,0.029961
2025-01-16,-0.088493,-0.019310,-0.121785,0.036009
2025-01-17,0.029340,0.006719,0.039480,0.009985
2025-01-21,0.072722,0.067113,0.051842,0.031637
2025-01-22,-0.032480,-0.124024,0.067752,-0.043191
2025-01-23,-0.016924,-0.068804,0.054071,0.004549
2025-01-24,-0.051191,-0.053246,-0.022074,-0.017350
2025-01-27,0.045908,0.087538,0.022545,-0.073743
2025-01-28,-0.014868,0.039229,-0.061836,-0.085450
2025-01-29,0.013477,0.017235,0.004358,-0.052974
2025-01-30,-0.001448,0.036328,-0.036201,-0.033117
2025-01-31,-0.024104,0.030284,-0.068244,-0.011209
2025-02-03,0.006770,-0.067014,0.064336,0.065429
2025-02-04,-0.032664,-0.003015,-0.058524,0.018594
2025-02-05,-0.012269,0.005340,-0.033322,-0.034832
2025-02-06,0.023342,0.012138,0.024007,0.006915
2025-02-07,0.023595,0.058506,-0.042634,0.028431
2025-02-10,0.027923,0.014146,0.026702,-0.011774
2025-02-11,0.037023,0.048163,0.010885,0.008978
2025-02-12,-0.004866,0.018379,-0.023179,0.000262
2025-02-13,-0.034351,-0.015391,-0.043916,-0.011024
2025-02-14,0.013493,-0.010837,0.039744,0.012488
2025-02-18,-0.023410,-0.070495,0.025446,0.065107
2025-02-19,-0.042072,-0.043105,-0.028718,0.028308
2025-02-20,-0.056128,-0.043728,-0.047927,0.023384
2025-02-21,-0.035571,0.006330,-0.066255,0.037731
2025-02-24,-0.027366,0.010198,-0.058657,0.039700
2025-02-25,-0.001258,0.031081,-0.029277,0.002357
2025-02-26,-0.009903,0.020486,-0.056508,0.103499
2025-02-27,0.053832,0.070916,0.003659,0.089581
2025-02-28,0.000269,0.058640,-0.042449,0.011379
2025-03-03,-0.038520,-0.034066,-0.020900,-0.037826
2025-03-04,-0.138082,-0.116531,-0.110109,0.003279
2025-03-05,0.044111,0.079041,-0.017116,0.051150
2025-03-06,-0.120647,0.012419,-0.207522,0.034928
2025-03-07,-0.112879,-0.046172,-0.125165,-0.092920
2025-03-10,0.047845,-0.087277,0.173612,-0.120665
2025-03-11,-0.178876,-0.089894,-0.177263,-0.093667
2025-03-12,-0.062364,-0.062410,-0.030912,-0.024456
2025-03-13,-0.036308,-0.051570,-0.010682,-0.013314
2025-03-14,0.012023,-0.010217,0.026228,0.017559
2025-03-17,-0.020553,-0.010641,-0.039758,0.032444
2025-03-18,0.025156,-0.099940,0.156237,0.015484
2025-03-19,0.055803,-0.076073,0.180345,-0.004129
2025-03-20,-0.111577,-0.083526,-0.092552,0.065847
2025-03-21,0.153536,0.243964,-0.018317,0.016626
2025-03-24,-0.103108,0.047838,-0.199036,-0.065686
2025-03-25,0.125811,0.099468,0.105764,-0.085643
2025-03-26,-0.036925,0.062517,-0.128563,0.020396
2025-03-27,0.042472,0.085798,-0.041233,0.032426
2025-03-28,0.011326,-0.046142,0.083651,0.046700
2025-03-31,0.135900,0.137653,0.055083,0.111704
2025-04-01,0.193605,0.187560,0.077167,0.104136
2025-04-02,0.020252,0.124747,-0.116098,0.050228
2025-04-03,0.087238,0.066043,0.083930,0.047754
2025-04-04,-0.029922,-0.103783,0.003494,-0.084080
2025-04-07,-0.108238,-0.007630,-0.137670,0.058594
2025-04-08,-0.142453,-0.136741,-0.108404,0.025681
2025-04-09,-0.125705,-0.030012,-0.199222,0.024722
2025-04-10,-0.008176,0.058840,-0.102602,-0.034805
2025-04-11,0.150961,0.165090,0.104144,-0.029777
2025-04-14,0.117275,0.052176,0.133922,0.045084
2025-04-15,0.205078,0.141768,0.163041,0.030950
2025-04-16,-0.117279,-0.063284,-0.133416,0.020215
2025-04-17,-0.184596,-0.131887,-0.150683,-0.006371
2025-04-21,-0.146733,-0.206749,-0.018539,-0.005413
2025-04-22,-0.183327,-0.191883,-0.100052,0.054990
2025-04-23,0.036302,-0.095906,0.162836,0.088427
2025-04-24,-0.009879,-0.028894,0.027755,-0.035202
2025-04-25,0.049989,0.067421,0.016968,-0.035743
2025-04-28,-0.038174,0.024394,-0.110148,-0.006402
2025-04-29,-0.078345,-0.055571,-0.072076,0.053152
2025-04-30,-0.099389,-0.069159,-0.080612,0.047966
2025-05-01,-0.244163,-0.123298,-0.225865,-0.176718
2025-05-02,-0.066396,-0.101850,0.003772,0.149789
2025-05-05,-0.032936,-0.110473,0.150241,-0.008106
2025-05-06,-0.087847,-0.065372,-0.058970,0.041439
2025-05-07,-0.039043,0.020077,-0.127427,0.268418
2025-05-08,0.145531,0.193869,0.038274,0.304897
2025-05-09,0.082615,0.200044,-0.065494,0.185116
2025-05-12,0.175076,0.050682,0.103274,0.102970
2025-05-13,-0.305420,-0.327990,-0.196738,-0.205261
2025-05-14,-0.070344,-0.042520,0.060795,-0.105746
2025-05-15,0.035741,-0.058682,0.099577,-0.117610
2025-05-16,0.011163,0.029165,-0.022794,-0.027041
2025-05-19,0.272480,0.128814,0.391686,0.001028
2025-05-20,0.124205,0.139784,-0.013491,-0.072357
2025-05-21,-0.146118,0.141064,-0.354818,0.207983
2025-05-22,-0.286649,-0.188824,-0.295417,0.230386
2025-05-23,-0.107052,-0.026886,-0.135240,0.091725
2025-05-27,-0.222974,-0.218339,-0.090518,-0.241804
2025-05-28,-0.054006,-0.040595,-0.011498,-0.045372
2025-05-29,-0.058914,-0.098049,-0.002808,-0.023291
2025-05-30,-0.196397,-0.238142,0.025857,-0.171023
2025-06-02,0.178282,0.209959,0.111467,-0.277751
2025-06-03,-0.146374,0.028733,-0.234805,-0.003789
2025-06-04,-0.052323,-0.051715,0.085226,-0.025246
2025-06-05,0.199808,0.103284,0.233124,0.086939
2025-06-06,0.110202,0.102062,0.014838,0.054487
2025-06-09,0.195676,0.174035,0.030947,0.148848
2025-06-10,-0.090165,-0.001223,-0.168107,-0.117680
2025-06-11,-0.069494,-0.029204,-0.082559,-0.245448
2025-06-12,-0.193890,-0.171080,-0.125553,-0.047822
2025-06-13,-0.161547,-0.223300,-0.044230,-0.021936
2025-06-16,-0.444602,-0.334968,-0.433407,0.000587
2025-06-17,-0.281642,-0.149221,-0.382611,-0.113037
2025-06-18,-0.362828,-0.260520,-0.314952,-0.363555
2025-06-20,-0.210558,-0.279295,-0.033048,0.040777
2025-06-23,-0.036983,-0.028011,-0.036241,0.046699
2025-06-24,0.080140,0.139517,0.014056,0.030154
2025-06-25,-0.059823,-0.052739,-0.020810,-0.035864
2025-06-26,0.027730,0.050987,0.008201,-0.212252
2025-06-27,-0.163409,-0.172782,-0.098888,-0.321119
2025-06-30,-0.275529,-0.241841,-0.176470,-0.175106
2025-07-01,0.075841,-0.074090,0.168341,0.131706
2025-07-02,-0.269190,-0.329595,-0.091322,0.200192
2025-07-03,0.118652,-0.026742,0.158813,0.303813
2025-07-07,0.059539,-0.016789,0.003633,0.232648
2025-07-08,0.127571,0.038958,0.168008,0.166673
2025-07-09,0.200036,0.224599,0.169709,0.015007
2025-07-10,0.053866,0.244474,-0.267195,-0.117546
2025-07-11,0.000032,0.054485,0.030404,-0.086170
2025-07-14,-0.379063,-0.059280,-0.490036,-0.056045
2025-07-15,-0.202898,-0.052603,-0.214324,0.025180
2025-07-16,0.022208,-0.068373,0.211326,-0.054908
2025-07-17,0.086342,0.220950,-0.199114,0.011027
2025-07-18,-0.076422,-0.003307,-0.103811,-0.027568
2025-07-21,-0.235248,-0.112819,-0.267794,-0.023249
2025-07-22,0.027289,-0.101906,0.159604,0.085659
2025-07-23,0.038665,0.016821,-0.026924,0.126413
2025-07-24,0.017080,0.021359,0.009370,-0.032060
2025-07-25,0.138942,0.085418,0.166618,-0.015461
2025-07-28,0.000713,0.004181,0.037361,-0.102038
2025-07-29,-0.155215,-0.223339,0.056287,-0.208331
2025-07-30,-0.072436,-0.160638,0.061213,0.151651
2025-07-31,0.030823,-0.076003,0.073614,0.076166
2025-08-01,-0.169715,-0.231227,-0.059851,0.155924
2025-08-04,0.048428,-0.091791,0.119385,0.113573
2025-08-05,-0.120192,-0.211147,0.065858,0.188472
2025-08-06,-0.156208,-0.123213,-0.162509,0.269133
2025-08-07,-0.004786,-0.003540,-0.013885,0.172866
2025-08-08,-0.050439,0.014380,-0.074838,0.022862
2025-08-11,-0.142272,-0.117291,-0.035887,-0.227382
2025-08-12,0.040998,0.135099,-0.032794,-0.091531
2025-08-13,0.049368,0.014993,0.014783,0.108818
2025-08-14,0.251071,0.265771,0.132682,0.088255
2025-08-15,0.260949,0.245290,0.172099,0.026239
2025-08-18,0.264647,0.288246,-0.003893,0.197873
2025-08-19,-0.233399,-0.277737,-0.215230,-0.184117
2025-08-20,-0.019319,-0.011146,0.031826,-0.227819
2025-08-21,-0.218519,-0.235199,-0.082161,0.002657
2025-08-22,-0.106166,-0.113996,0.010955,-0.025809
2025-08-25,-0.217866,-0.139382,-0.228536,0.078645
2025-08-26,0.289648,0.270188,0.111370,0.078320
2025-08-27,0.128324,0.140957,0.079299,0.178459
2025-08-28,-0.220263,-0.069169,-0.375206,-0.014740
2025-08-29,0.322578,0.232435,0.220099,0.277495
2025-09-02,0.107059,0.084401,0.075680,0.175265
2025-09-03,-0.033929,0.017257,-0.062397,0.264603
2025-09-04,-0.173463,-0.211466,-0.037747,0.097378
2025-09-05,-0.102166,-0.133158,-0.086385,0.005419
2025-09-08,-0.091965,-0.075127,-0.003373,-0.191339
2025-09-09,0.158549,0.163366,0.075619,-0.045064
2025-09-10,0.000000,0.052609,-0.097029,0.019899
2025-09-11,0.040669,0.149965,-0.058963,-0.042872
2025-09-12,0.010356,0.052578,-0.031760,0.125913
2025-09-15,-0.103186,0.036871,-0.198450,-0.227913
2025-09-16,-0.125578,-0.043829,-0.126997,-0.069786
2025-09-17,0.112576,0.198819,-0.023198,0.016938
2025-09-18,-0.070372,-0.067028,-0.105935,0.303177
2025-09-19,-0.027354,-0.051657,0.035375,-0.158402
2025-09-22,-0.059290,-0.188430,0.168214,0.051692
2025-09-23,-0.194858,-0.323520,0.063634,-0.016079
2025-09-24,0.200073,0.125076,0.235541,0.083248
2025-09-25,-0.021992,0.011125,-0.023937,-0.051416
2025-09-26,-0.038096,0.098900,-0.113321,-0.144541
2025-09-29,0.087513,0.028038,0.167031,-0.069501
2025-09-30,0.203105,0.120619,0.092023,-0.059050
2025-10-01,0.044799,0.072673,0.073996,-0.163382
2025-10-02,0.076822,0.233782,-0.084406,-0.001345
2025-10-03,0.229409,0.205327,0.200174,0.026087
2025-10-06,0.241229,0.180575,0.227340,0.108962
2025-10-07,-0.015921,-0.133165,0.099978,-0.015670
2025-10-08,0.153509,0.197687,0.002288,0.031449
2025-10-09,0.203452,0.265192,0.034063,0.061754
2025-10-10,0.041948,0.042087,0.020833,-0.092274
2025-10-13,-0.077687,-0.089235,-0.035001,0.052318
2025-10-14,0.008785,-0.022401,0.031459,0.172442
2025-10-15,-0.090303,-0.060214,-0.092324,0.264667
2025-10-16,-0.161317,-0.144578,-0.083192,0.042357
2025-10-17,-0.104288,-0.118226,-0.044211,-0.124089
2025-10-20,-0.152941,-0.151079,-0.060395,0.019960
2025-10-21,-0.150509,-0.135705,-0.100880,-0.134778
2025-10-22,0.300885,0.145267,0.368625,-0.110382
2025-10-23,0.072904,-0.099882,0.227842,-0.074641
2025-10-24,0.296157,0.131191,0.308488,-0.013016
2025-10-27,0.194261,0.204278,0.119678,-0.008655
2025-10-28,-0.115961,-0.113186,-0.155536,0.172636
2025-10-29,0.114878,0.114746,0.074432,0.018397
2025-10-30,0.177860,0.348560,-0.106936,0.084038
2025-10-31,0.046131,0.239424,-0.173204,-0.027195
2025-11-03,0.073455,0.065017,0.022922,0.072110
2025-11-04,-0.031306,0.014560,-0.095654,0.003337
2025-11-05,0.050604,-0.011431,0.123873,-0.152626
2025-11-06,0.145351,0.105827,0.150364,-0.018334
2025-11-07,0.180870,0.099681,0.141046,-0.056333
2025-11-10,0.076158,0.025535,0.081313,-0.003038
2025-11-11,0.233789,0.242797,0.145434,-0.017447
2025-11-12,0.226529,0.326300,0.047890,0.060205
2025-11-13,-0.046270,0.016504,-0.085391,-0.044693
2025-11-14,0.140491,0.083177,0.131965,-0.076949
2025-11-17,0.369166,0.394512,0.201109,-0.088439
2025-11-18,0.241910,0.389794,-0.109079,-0.163610
2025-11-19,0.036642,0.017182,0.071692,-0.030753
2025-11-20,-0.043344,-0.218690,0.201139,0.093866
2025-11-21,-0.419437,-0.261894,-0.305298,0.001901
2025-11-24,0.022264,-0.195410,0.394915,-0.033077
2025-11-25,-0.084018,-0.140842,0.033988,-0.121155
2025-11-26,-0.075450,-0.183527,0.144159,0.084107
2025-11-28,-0.172791,-0.025608,-0.187790,-0.118029
2025-12-01,-0.104977,-0.249331,0.108941,0.097566
2025-12-02,-0.278749,-0.127707,-0.309938,0.017449
2025-12-03,-0.071574,-0.178368,0.066055,0.165532
2025-12-04,-0.086707,-0.126971,-0.044702,0.175958
2025-12-05,-0.034585,-0.130729,0.091192,0.256082
2025-12-08,-0.029327,0.015446,-0.090919,0.097226
2025-12-09,0.212835,0.142413,0.245247,0.177971
2025-12-10,0.341080,0.293494,0.225549,0.013179
2025-12-11,-0.015170,-0.029656,-0.063563,-0.165859
2025-12-12,0.237042,0.245746,0.092504,-0.012443
2025-12-15,0.068805,0.109860,-0.015053,-0.043325
2025-12-16,0.115610,0.174864,-0.034311,-0.202461
2025-12-17,0.189818,0.062611,0.234652,-0.127769
2025-12-18,0.082212,0.022518,0.189556,-0.072679
2025-12-19,0.243107,0.358700,0.019283,-0.031334
2025-12-22,0.112553,0.154130,-0.027565,0.131841
2025-12-23,-0.006704,-0.018049,0.051484,0.040327
2025-12-24,0.041845,0.053557,0.083147,-0.016346
2025-12-26,-0.104075,-0.011083,-0.146944,-0.048641
2025-12-29,-0.186471,-0.032460,-0.354052,-0.127373
2025-12-30,-0.258607,-0.166352,-0.302851,-0.109678
2025-12-31,-0.353020,-0.284257,-0.244584,-0.068872
2026-01-02,0.193876,0.139104,0.203398,-0.092058
2026-01-05,-0.115762,0.118357,-0.271578,-0.009570
2026-01-06,0.046975,0.034687,0.057105,0.247582
2026-01-07,-0.018307,-0.027624,-0.034343,0.109003
2026-01-08,0.004930,-0.098199,0.116249,-0.103025
2026-01-09,-0.273822,-0.222719,-0.275237,0.115198
2026-01-12,0.260504,0.206965,0.201308,0.103156
2026-01-13,0.043139,0.085628,-0.071599,0.040376
2026-01-14,0.094081,0.188177,-0.061510,-0.104760
2026-01-15,-0.129588,-0.005486,-0.161226,0.108142
2026-01-16,0.063693,0.108723,-0.008231,0.140339
2026-01-20,0.068853,-0.047545,0.130096,-0.067976
2026-01-21,-0.230033,-0.288025,-0.093259,0.085994
2026-01-22,0.005094,0.027908,0.004236,-0.065495
2026-01-23,0.188955,0.245680,0.004682,-0.004411
2026-01-26,0.322043,0.398744,0.104663,0.068942
2026-01-27,-0.002035,0.087491,-0.123823,-0.101099
2026-01-28,0.135951,0.118494,0.140187,-0.155505
2026-01-29,-0.026111,0.198460,-0.220590,-0.124096
2026-01-30,0.328261,0.424516,0.064821,-0.042256
2026-02-02,0.245897,0.359161,-0.063548,0.007571
2026-02-03,0.101950,0.154865,-0.000448,0.026480
2026-02-04,-0.192680,-0.207106,0.002597,-0.035585
2026-02-05,-0.125784,-0.361089,0.273699,-0.066241
2026-02-06,0.123024,0.073463,0.071375,0.004886
2026-02-09,0.199555,0.198675,0.060975,0.013999
2026-02-10,0.094054,0.139142,-0.023515,0.023973
2026-02-11,-0.008251,-0.006589,-0.009904,-0.139663
2026-02-12,-0.065110,-0.243152,0.210175,0.032925
2026-02-13,-0.217704,-0.088244,-0.212906,-0.020324
2026-02-17,0.157581,0.206159,-0.041338,0.022354
2026-02-18,0.218092,0.292162,-0.023131,0.098603
2026-02-19,0.210179,0.205431,0.051634,0.095021
2026-02-20,-0.124111,-0.192905,-0.008710,0.124247
2026-02-23,-0.188386,-0.344644,0.060549,0.090436
2026-02-24,-0.069329,-0.120217,0.023079,0.134869
2026-02-25,0.076648,0.012384,0.085157,-0.057443
2026-02-26,0.200221,0.116166,0.129008,0.042592
2026-02-27,-0.108480,-0.160738,0.070584,0.004962
2026-03-02,0.190108,0.082339,0.194904,0.104441
2026-03-03,0.229449,0.295170,0.001533,-0.004683
2026-03-04,0.151234,0.276928,-0.173288,0.001094
2026-03-05,-0.031140,0.063709,-0.165728,-0.032634
2026-03-06,-0.153533,-0.167905,-0.068264,-0.062426
2026-03-09,-0.022523,-0.121810,0.195907,-0.045656
2026-03-10,-0.267935,-0.220079,-0.261087,0.053595
2026-03-11,0.155237,0.160579,0.147247,0.026416
2026-03-12,-0.177527,-0.122506,-0.187592,-0.135769
2026-03-13,-0.018556,-0.006066,-0.105584,-0.022395
2026-03-16,0.070192,-0.047083,0.174169,0.140960
2026-03-17,0.220800,0.104547,0.300626,0.053448
2026-03-18,0.082839,-0.010642,0.151066,0.132897
2026-03-19,-0.041509,-0.045113,-0.050330,0.026136
2026-03-20,0.029828,0.000053,0.077798,0.075000
2026-03-23,0.261016,0.150756,0.200393,-0.010358
2026-03-24,0.143260,0.191394,-0.001008,0.060695
2026-03-25,0.063276,0.167520,-0.140723,0.085854
2026-03-26,-0.030866,0.195687,-0.190686,0.067515
2026-03-27,0.289744,0.120672,0.434305,-0.051864
2026-03-30,-0.025472,-0.083651,0.104666,-0.119278
2026-03-31,0.328269,0.150411,0.409999,-0.051483
2026-04-01,-0.148400,-0.039640,-0.157679,-0.183071
2026-04-02,0.019571,0.012656,0.049151,0.071883
2026-04-06,-0.056911,-0.050276,-0.029404,-0.038943
2026-04-07,0.080604,-0.027672,0.197717,-0.138063
2026-04-08,0.163212,0.133457,0.106523,0.029570
2026-04-09,0.155951,0.009933,0.212887,0.130786
2026-04-10,0.157325,0.120396,0.243443,-0.138262
2026-04-13,0.237584,0.192024,0.267558,-0.062739
2026-04-14,-0.098708,-0.066342,-0.076526,-0.087768
2026-04-15,0.156386,0.145172,0.119031,-0.047382
