date,gross_bps,net_bps
2024-11-01,33.308,-102.144
2024-11-04,-22.672,-152.135
2024-11-05,422.528,297.998
2024-11-06,185.904,62.794
2024-11-07,0.145,-131.355
2024-11-08,64.977,-66.762
2024-11-11,-294.422,-420.887
2024-11-12,146.854,4.981
2024-11-13,-26.728,-163.755
2024-11-14,55.630,-85.784
2024-11-15,-86.462,-229.113
2024-11-18,107.494,-21.466
2024-11-19,189.913,62.489
2024-11-20,76.274,-53.692
2024-11-21,159.685,35.847
2024-11-22,45.251,-77.282
2024-11-25,-42.161,-165.974
2024-11-26,-98.800,-237.386
2024-11-27,-3.136,-134.449
2024-11-29,28.021,-99.151
2024-12-02,5.078,-127.524
2024-12-03,25.419,-109.296
2024-12-04,-45.581,-175.268
2024-12-05,31.181,-106.705
2024-12-06,-41.060,-173.473
2024-12-09,-183.238,-318.380
2024-12-10,-37.531,-177.183
2024-12-11,-6.376,-134.256
2024-12-12,39.860,-103.745
2024-12-13,209.209,68.926
2024-12-16,-288.684,-420.608
2024-12-17,100.956,-42.629
2024-12-18,-135.340,-283.371
2024-12-19,-168.370,-307.865
2024-12-20,164.628,41.148
2024-12-23,75.832,-54.922
2024-12-24,-162.265,-285.672
2024-12-26,-191.244,-316.881
2024-12-27,158.500,13.232
2024-12-30,-76.075,-214.377
2024-12-31,-80.983,-213.268
2025-01-02,9.573,-119.427
2025-01-03,-208.778,-332.691
2025-01-06,-139.607,-270.389
2025-01-07,51.837,-87.756
2025-01-08,183.157,48.298
2025-01-10,-130.347,-273.825
2025-01-13,111.293,-17.707
2025-01-14,214.442,88.086
2025-01-15,168.104,45.682
2025-01-16,42.293,-85.464
2025-01-17,119.905,-5.868
2025-01-21,85.469,-37.699
2025-01-22,-346.234,-480.533
2025-01-23,-41.707,-170.103
2025-01-24,30.688,-100.468
2025-01-27,-363.899,-503.057
2025-01-28,-46.531,-176.343
2025-01-29,69.398,-67.069
2025-01-30,-8.176,-134.418
2025-01-31,29.530,-112.713
2025-02-03,-107.008,-249.647
2025-02-04,-26.097,-152.639
2025-02-05,-58.802,-186.372
2025-02-06,22.796,-112.579
2025-02-07,60.923,-79.760
2025-02-10,13.024,-116.257
2025-02-11,-66.635,-202.058
2025-02-12,27.106,-109.851
2025-02-13,8.085,-117.767
2025-02-14,-12.327,-145.277
2025-02-18,-165.381,-293.751
2025-02-19,26.536,-109.264
2025-02-20,166.807,27.929
2025-02-21,15.128,-128.444
2025-02-24,17.198,-119.998
2025-02-25,55.604,-77.481
2025-02-26,-204.369,-338.945
2025-02-27,145.048,2.079
2025-02-28,-131.453,-258.347
2025-03-03,123.505,-19.736
2025-03-04,63.312,-82.588
2025-03-05,-240.416,-365.323
2025-03-06,243.294,100.655
2025-03-07,-281.311,-407.926
2025-03-10,9.904,-134.834
2025-03-11,43.893,-96.604
2025-03-12,-21.696,-157.907
2025-03-13,-134.735,-276.933
2025-03-14,167.978,46.218
2025-03-17,-62.598,-184.734
2025-03-18,-86.385,-224.087
2025-03-19,100.085,-24.081
2025-03-20,26.112,-114.701
2025-03-21,-113.194,-257.475
2025-03-24,-198.932,-321.895
2025-03-25,-54.192,-190.724
2025-03-26,238.693,97.011
2025-03-27,33.686,-100.520
2025-03-28,-115.154,-257.005
2025-03-31,44.020,-88.464
2025-04-01,-90.218,-224.335
2025-04-02,-996.236,-1120.972
2025-04-03,828.500,682.616
2025-04-04,-463.869,-611.948
2025-04-07,-101.543,-248.699
2025-04-08,-438.639,-583.854
2025-04-09,-158.364,-278.912
2025-04-10,-222.447,-366.868
2025-04-11,105.230,-19.526
2025-04-14,-2.533,-123.542
2025-04-15,-25.867,-154.913
2025-04-16,6.035,-131.396
2025-04-17,120.511,-5.195
2025-04-21,-382.730,-526.933
2025-04-22,241.295,118.084
2025-04-23,243.238,114.864
2025-04-24,15.466,-109.748
2025-04-25,-16.991,-150.191
2025-04-28,-18.422,-144.883
2025-04-29,3.762,-125.007
2025-04-30,-34.271,-169.549
2025-05-01,9.622,-126.277
2025-05-02,-45.139,-172.684
2025-05-05,-52.999,-189.767
2025-05-06,-43.498,-180.446
2025-05-07,4.959,-127.586
2025-05-08,397.781,267.570
2025-05-09,99.032,-32.695
2025-05-12,35.148,-92.284
2025-05-13,-34.526,-165.517
2025-05-14,-99.925,-240.227
2025-05-15,104.556,-19.935
2025-05-16,-159.473,-284.443
2025-05-19,52.318,-79.736
2025-05-20,13.045,-118.828
2025-05-21,-152.488,-299.264
2025-05-22,-6.843,-138.297
2025-05-23,-33.795,-165.271
2025-05-27,-84.035,-207.169
2025-05-28,-14.004,-156.324
2025-05-29,91.964,-37.252
2025-05-30,-75.515,-206.776
2025-06-02,79.077,-50.801
2025-06-03,129.104,2.499
2025-06-04,72.154,-57.785
2025-06-05,-133.108,-268.338
2025-06-06,83.377,-45.678
2025-06-09,-1.043,-131.043
2025-06-10,-119.682,-248.977
2025-06-11,86.813,-45.741
2025-06-12,24.258,-106.200
2025-06-13,-43.740,-181.977
2025-06-16,-74.189,-199.768
2025-06-17,-147.121,-286.878
2025-06-18,201.707,71.092
2025-06-20,20.931,-114.990
2025-06-23,38.644,-90.502
2025-06-24,79.832,-45.822
2025-06-25,-112.832,-254.709
2025-06-26,-36.692,-159.161
2025-06-27,-17.748,-149.895
2025-06-30,78.164,-48.829
2025-07-01,68.560,-57.511
2025-07-02,55.947,-71.017
2025-07-03,-51.196,-177.017
2025-07-07,-58.080,-199.890
2025-07-08,2.524,-127.266
2025-07-09,71.946,-54.037
2025-07-10,-6.810,-136.179
2025-07-11,79.074,-59.765
2025-07-14,125.200,-3.204
2025-07-15,-23.113,-165.923
2025-07-16,48.603,-77.558
2025-07-17,-58.112,-185.028
2025-07-18,15.841,-118.177
2025-07-21,-46.041,-178.131
2025-07-22,-30.801,-156.264
2025-07-23,-84.907,-210.175
2025-07-24,-2.737,-141.722
2025-07-25,-4.185,-135.346
2025-07-28,44.819,-94.704
2025-07-29,52.877,-79.623
2025-07-30,5.692,-134.071
2025-07-31,7.302,-130.393
2025-08-01,-81.276,-214.639
2025-08-04,94.200,-29.350
2025-08-05,-1.659,-133.874
2025-08-06,-38.107,-172.304
2025-08-07,145.334,12.310
2025-08-08,138.107,6.286
2025-08-11,141.355,7.522
2025-08-12,12.534,-111.017
2025-08-13,-127.978,-250.729
2025-08-14,37.308,-104.567
2025-08-15,15.767,-118.561
2025-08-18,-118.506,-250.488
2025-08-19,-249.418,-387.865
2025-08-20,-53.043,-185.258
2025-08-21,58.231,-76.055
2025-08-22,-52.768,-173.827
2025-08-25,8.966,-130.738
2025-08-26,-3.282,-132.925
2025-08-27,-57.412,-184.733
2025-08-28,-119.105,-249.344
2025-08-29,-34.960,-170.585
2025-09-02,-18.682,-155.222
2025-09-03,90.806,-39.548
2025-09-04,-68.485,-196.051
2025-09-05,-7.617,-133.511
2025-09-08,101.705,-27.941
2025-09-09,128.354,-6.646
2025-09-10,14.143,-117.662
2025-09-11,39.016,-83.543
2025-09-12,81.923,-56.871
2025-09-15,46.778,-83.899
2025-09-16,-7.292,-141.050
2025-09-17,41.020,-91.672
2025-09-18,4.632,-122.802
2025-09-19,-127.184,-265.557
2025-09-22,-64.284,-194.934
2025-09-23,18.231,-113.663
2025-09-24,5.630,-130.476
2025-09-25,-237.167,-378.760
2025-09-26,82.666,-42.570
2025-09-29,78.797,-50.672
2025-09-30,125.887,-5.474
2025-10-01,122.227,-10.544
2025-10-02,163.205,33.550
2025-10-03,171.484,43.598
2025-10-06,91.530,-38.125
2025-10-07,218.055,78.800
2025-10-08,-26.969,-152.573
2025-10-09,8.004,-131.165
2025-10-10,-266.889,-408.220
2025-10-13,-89.839,-213.600
2025-10-14,-305.639,-432.647
2025-10-15,55.775,-71.984
2025-10-16,-245.549,-382.680
2025-10-17,201.833,65.673
2025-10-20,-228.883,-353.156
2025-10-21,-5.157,-141.278
2025-10-22,-290.936,-430.215
2025-10-23,32.032,-97.911
2025-10-24,53.467,-76.161
2025-10-27,-43.705,-174.394
2025-10-28,14.685,-123.557
2025-10-29,54.108,-87.664
2025-10-30,12.479,-124.799
2025-10-31,40.887,-89.998
2025-11-03,-0.916,-136.380
2025-11-04,18.325,-119.878
2025-11-05,55.686,-76.737
2025-11-06,8.786,-126.088
2025-11-07,80.006,-48.867
2025-11-10,-198.338,-322.394
2025-11-11,-78.744,-203.815
2025-11-12,-192.247,-323.095
2025-11-13,125.896,-17.531
2025-11-14,60.450,-74.167
2025-11-17,154.338,11.985
2025-11-18,-18.500,-153.415
2025-11-19,96.804,-40.789
2025-11-20,-357.492,-500.900
2025-11-21,296.664,175.072
2025-11-24,148.597,19.893
2025-11-25,23.618,-98.063
2025-11-26,14.451,-111.380
2025-11-28,174.695,47.641
2025-12-01,-67.381,-209.192
2025-12-02,67.384,-65.605
2025-12-03,90.614,-34.734
2025-12-04,30.272,-101.442
2025-12-05,59.021,-75.895
2025-12-08,-17.967,-157.939
2025-12-09,53.657,-79.516
2025-12-10,-4.525,-127.793
2025-12-11,-47.302,-173.234
2025-12-12,226.329,86.245
2025-12-15,46.232,-87.673
2025-12-16,-11.507,-150.468
2025-12-17,-153.504,-288.039
2025-12-18,88.977,-40.409
2025-12-19,101.178,-32.183
2025-12-22,-125.971,-251.786
2025-12-23,-54.425,-188.200
2025-12-24,-24.142,-149.751
2025-12-26,-111.491,-243.884
