date,composite_d10_d1,composite_d10_rest,volume_d10_d1,volume_d10_rest,return_mag_d10_d1,return_mag_d10_rest,sector_rs_d10_d1,sector_rs_d10_rest,delay_d10_d1,delay_d10_rest
2024-11-01,-7.222,-56.219,52.650,-12.793,-9.603,-82.987,169.848,126.719,,
2024-11-04,-18.557,43.983,-41.295,-26.323,-24.969,61.502,229.989,231.861,,
2024-11-05,296.457,96.902,14.052,-94.217,367.762,46.364,12.122,30.745,,
2024-11-06,51.441,61.254,91.882,76.011,88.195,-13.154,16.651,-22.060,,
2024-11-07,22.352,43.622,296.939,229.981,-48.390,35.392,-82.863,-15.599,,
2024-11-08,-14.293,6.756,-45.921,-43.210,11.371,45.355,-100.014,-52.968,,
2024-11-11,-309.570,-233.773,-318.541,-251.786,-280.450,-204.060,-111.215,-97.691,,
2024-11-12,45.567,0.009,-66.326,-61.518,158.938,51.496,-9.079,42.009,,
2024-11-13,-51.915,-69.303,-119.320,-98.538,60.148,22.182,-93.975,-58.111,,
2024-11-14,43.783,45.127,-46.591,21.794,161.208,116.948,-31.185,-11.711,,
2024-11-15,-88.759,-46.149,-41.185,0.310,-53.751,-51.715,80.716,33.373,,
2024-11-18,87.239,80.817,42.731,53.785,58.485,40.521,53.595,61.384,,
2024-11-19,232.930,181.623,133.496,60.854,109.854,90.559,100.750,61.156,,
2024-11-20,60.082,57.074,-7.297,10.798,-5.217,37.950,55.144,37.001,,
2024-11-21,108.857,62.265,-19.772,-18.989,213.059,89.574,93.430,60.597,,
2024-11-22,8.085,-12.573,-50.747,-40.627,86.695,52.233,10.871,-14.207,,
2024-11-25,-59.895,-27.288,-33.027,18.006,-12.621,5.909,0.580,8.221,,
2024-11-26,-37.698,-26.597,39.097,20.847,-87.901,-62.073,-45.947,-58.164,,
2024-11-27,-25.413,27.904,-21.398,34.023,-33.943,9.982,42.002,13.820,,
2024-11-29,49.138,6.646,-12.099,-7.237,-11.749,-15.494,-43.287,-5.834,,
2024-12-02,-48.152,2.731,-89.979,-47.037,-62.835,-40.440,-30.499,-18.712,,
2024-12-03,23.246,6.290,43.776,50.819,-17.035,-75.155,44.580,50.583,,
2024-12-04,-34.491,-12.262,-1.296,8.443,-83.873,-17.022,-16.667,-33.127,,
2024-12-05,3.346,24.376,58.491,62.908,-80.998,-53.281,47.207,8.280,,
2024-12-06,-50.884,-23.995,-34.626,-40.375,-41.562,-21.809,57.301,0.568,,
2024-12-09,-190.323,-179.990,-174.584,-111.582,-147.099,-117.860,-102.856,-47.151,,
2024-12-10,-59.942,-64.999,-96.861,-55.838,16.803,25.715,-31.028,-20.265,,
2024-12-11,4.129,3.373,-32.706,-20.084,63.604,65.143,102.637,32.202,,
2024-12-12,-51.807,-6.304,-76.314,-12.141,55.010,10.376,-35.128,-32.068,,
2024-12-13,89.462,8.463,18.534,42.312,198.811,57.452,-36.052,-31.759,,
2024-12-16,-258.948,-235.799,-197.870,-96.152,-134.410,-71.095,-87.344,-32.076,,
2024-12-17,0.642,-61.574,-162.381,-177.058,120.279,35.170,-36.792,-11.581,,
2024-12-18,-116.887,-59.194,-46.426,-39.837,-96.742,-54.165,22.078,-4.318,,
2024-12-19,-167.733,-107.669,-118.710,-96.575,-223.164,-141.551,21.441,26.648,,
2024-12-20,128.815,87.005,-44.775,-55.227,151.105,85.823,67.746,73.335,,
2024-12-23,65.968,58.114,85.329,58.853,25.338,34.247,-10.863,50.936,,
2024-12-24,-125.268,-61.195,28.438,35.070,-170.409,-104.337,-8.349,23.761,,
2024-12-26,-186.534,-142.190,-89.836,-54.326,-203.261,-154.516,-30.034,-19.408,,
2024-12-27,140.863,98.434,53.695,46.280,129.997,64.305,61.201,12.449,,
2024-12-30,-16.405,29.545,-30.774,-6.098,-39.754,46.169,106.457,60.346,,
2024-12-31,-53.087,8.767,27.279,49.633,-47.142,66.728,136.084,87.831,,
2025-01-02,9.387,-34.193,-13.915,-51.510,169.040,124.842,23.993,19.942,,
2025-01-03,-177.878,-157.083,-89.787,-105.229,-148.745,-117.495,25.279,-7.474,,
2025-01-06,-120.393,-104.620,-202.985,-140.517,47.482,37.512,-133.672,-72.566,,
2025-01-07,16.679,-78.791,40.872,-51.179,178.429,56.108,-70.377,-20.228,,
2025-01-08,174.167,131.665,45.159,53.296,224.353,192.452,-120.214,-19.198,,
2025-01-10,12.027,81.264,195.285,171.168,-113.693,19.338,79.098,64.432,,
2025-01-13,57.837,72.009,-66.900,26.000,48.318,-15.310,165.749,60.143,,
2025-01-14,117.083,72.426,18.892,13.487,202.510,75.707,122.797,46.428,,
2025-01-15,88.099,-10.051,17.835,0.651,104.167,-34.089,45.636,23.935,,
2025-01-16,51.585,56.662,42.681,20.711,115.606,83.078,107.688,63.370,,
2025-01-17,110.410,52.533,31.060,-14.874,45.282,40.462,52.766,6.771,,
2025-01-21,32.922,62.932,32.686,25.500,57.956,43.337,-30.717,-10.650,,
2025-01-22,-327.807,-271.422,-186.505,-173.419,-377.882,-293.031,-70.188,-24.836,,
2025-01-23,-14.761,-58.696,45.483,-1.052,28.147,-7.599,-77.838,-67.898,,
2025-01-24,3.533,-15.790,-98.041,-107.007,-5.231,-13.757,-65.457,-34.300,,
2025-01-27,-287.987,-284.342,-192.729,-188.165,-346.037,-330.479,17.674,-17.083,,
2025-01-28,-33.814,-58.299,-44.682,-24.485,-58.393,-81.405,-4.069,-24.910,,
2025-01-29,37.828,49.578,56.089,79.320,-5.811,19.136,7.102,-0.048,,
2025-01-30,62.838,68.717,114.664,87.763,6.732,54.134,-30.375,-7.996,,
2025-01-31,33.747,59.368,29.604,46.885,-18.110,47.274,-2.187,27.847,,
2025-02-03,-36.994,0.881,47.719,27.606,-130.493,-4.219,-26.075,-21.694,,
2025-02-04,12.460,1.742,24.352,-11.153,-73.224,-76.967,92.400,-3.013,,
2025-02-05,10.728,-20.099,51.683,18.422,-11.380,-23.653,-31.910,-52.955,,
2025-02-06,37.675,6.606,16.964,8.708,23.357,-16.557,4.245,-17.024,,
2025-02-07,15.793,18.609,-27.782,-10.400,53.778,38.979,-69.288,-56.401,,
2025-02-10,48.770,6.523,26.342,24.919,-7.170,-43.098,22.776,-14.013,,
2025-02-11,-52.441,-13.359,38.343,48.414,-103.292,-24.611,24.446,24.686,,
2025-02-12,92.299,78.958,135.451,136.297,47.923,35.434,10.751,53.140,,
2025-02-13,-22.122,-17.711,34.005,43.594,0.152,1.047,-18.355,-2.493,,
2025-02-14,-19.189,-6.411,-33.839,-30.410,-28.955,-23.312,22.074,28.333,,
2025-02-18,-72.785,-80.702,37.830,16.227,-130.508,-58.426,-97.830,-1.886,,
2025-02-19,-45.350,-51.148,-99.196,-100.962,91.302,44.495,-62.516,-27.925,,
2025-02-20,62.411,9.847,46.952,-19.116,166.272,22.357,-220.216,-99.157,,
2025-02-21,-80.911,-85.422,-88.763,-77.726,27.705,-45.092,-83.480,-29.559,,
2025-02-24,-55.306,-85.648,-116.575,-61.620,82.680,-72.598,-133.916,-79.978,,
2025-02-25,33.001,45.513,-22.937,10.065,-30.804,-13.869,-25.884,15.155,,
2025-02-26,-146.665,-120.615,-93.259,-11.203,-130.160,-92.760,-5.246,-36.050,,
2025-02-27,67.659,7.542,-24.073,-42.199,181.243,52.711,-128.573,-34.056,,
2025-02-28,-27.641,3.662,93.439,69.108,-177.815,-48.414,-87.990,-41.684,,
2025-03-03,134.708,68.101,81.626,11.509,87.734,-2.451,43.301,15.738,,
2025-03-04,51.162,34.796,9.704,29.834,35.023,39.380,58.171,18.355,,
2025-03-05,0.520,42.194,160.467,3.261,-171.923,-12.887,30.623,28.553,,
2025-03-06,155.952,81.108,-38.153,-33.506,288.926,187.050,-84.027,-25.817,,
2025-03-07,-276.594,-196.216,-68.069,-68.478,-305.467,-235.229,-227.280,-165.368,,
2025-03-10,-2.169,-16.879,58.745,-18.490,-103.757,-40.058,16.134,50.285,,
2025-03-11,-77.995,-27.154,-185.613,-100.114,39.433,-3.046,-53.544,-15.266,,
2025-03-12,-32.298,-66.996,-54.210,-47.771,-85.288,-72.524,-13.864,-15.612,,
2025-03-13,-15.174,38.535,165.197,133.577,-189.253,-68.579,96.215,15.283,,
2025-03-14,100.846,26.662,-29.164,-20.418,141.081,19.553,52.978,52.779,,
2025-03-17,-87.587,-59.833,-63.267,-27.653,-95.859,-57.056,9.256,-12.569,,
2025-03-18,-63.754,-35.512,99.997,56.643,-163.384,-146.457,-14.424,-9.635,,
2025-03-19,34.858,-3.472,-84.951,-62.121,104.693,35.082,-40.343,-14.541,,
2025-03-20,54.800,83.694,43.379,47.511,-38.165,48.135,49.692,21.853,,
2025-03-21,-110.368,-100.333,-116.144,-88.472,-47.908,-28.058,10.268,-19.247,,
2025-03-24,-134.551,-47.364,24.843,16.832,-243.208,-70.197,-36.414,-54.420,,
2025-03-25,-195.847,-108.344,-274.653,-126.767,-25.189,6.847,12.145,23.610,,
2025-03-26,185.708,24.713,-54.918,-75.568,349.372,148.435,-63.610,6.166,,
2025-03-27,30.239,-28.175,-87.623,-68.073,46.076,-9.964,-167.087,-68.594,,
2025-03-28,-94.417,-8.703,-72.409,0.917,-131.934,-52.828,-12.308,4.188,,
2025-03-31,-28.631,18.498,-47.690,-2.221,135.837,133.109,-349.765,-161.064,,
2025-04-01,111.263,210.851,219.490,74.371,-81.167,250.907,-221.873,-50.205,,
2025-04-02,-373.767,-178.559,176.488,71.251,-772.127,-303.955,13.603,-5.223,,
2025-04-03,163.337,121.502,-192.436,-55.498,651.050,244.783,-198.346,-87.270,,
2025-04-04,-30.904,55.728,129.390,-46.909,-236.353,34.341,287.673,170.563,,
2025-04-07,-113.984,-65.429,-189.717,-134.623,-24.711,7.754,-5.014,23.642,,
2025-04-08,75.272,112.381,269.511,41.215,-321.033,105.872,75.473,-1.159,,
2025-04-09,-134.379,-76.851,-21.364,-11.176,-278.134,-120.233,77.342,-15.776,,
2025-04-10,-26.836,19.458,88.756,46.509,-121.930,-3.444,35.372,23.415,,
2025-04-11,111.180,109.153,91.147,58.093,121.217,128.007,-54.135,-60.190,,
2025-04-14,15.723,0.545,-5.754,-15.652,29.846,39.613,-59.221,-5.080,,
2025-04-15,26.602,-2.080,21.443,6.964,-5.075,-11.916,13.944,0.140,,
2025-04-16,-37.369,67.241,147.449,56.322,-100.035,77.352,-14.017,21.039,,
2025-04-17,73.560,21.930,-51.640,8.273,124.096,-16.230,73.103,27.934,,
2025-04-21,-0.150,116.241,391.580,255.906,-322.789,32.644,188.102,70.965,,
2025-04-22,-252.655,-123.805,-322.701,-190.037,-41.969,-167.003,96.841,98.269,,
2025-04-23,156.498,35.880,-175.855,-151.950,266.914,89.636,115.990,115.936,,
2025-04-24,-65.448,-74.530,-104.161,-99.582,26.124,-25.686,-18.538,-23.385,,
2025-04-25,-32.962,-3.171,-20.259,-8.801,-46.117,-17.143,0.984,0.159,,
2025-04-28,-3.592,-19.667,37.012,-1.111,-39.184,-37.112,-45.865,-25.492,,
2025-04-29,-62.831,-79.904,-66.713,-63.421,19.755,-41.645,19.857,-62.814,,
2025-04-30,21.639,10.678,33.953,-11.184,-66.197,2.247,93.270,56.192,,
2025-05-01,23.862,-15.032,16.345,-6.701,13.784,-50.214,74.607,50.864,-62.000,-50.104
2025-05-02,10.705,44.438,23.331,55.869,-48.837,-15.173,-170.959,-120.142,46.397,26.708
2025-05-05,37.891,11.401,157.186,135.679,-88.180,-11.773,-35.667,22.582,36.638,42.339
2025-05-06,48.326,38.260,201.417,129.988,-21.606,33.882,76.727,55.345,125.896,40.166
2025-05-07,-381.253,-182.335,-350.175,-212.062,-108.823,-164.846,237.283,69.443,-360.659,-161.371
2025-05-08,216.826,60.851,-123.332,-173.547,380.825,115.359,182.456,152.962,-340.513,-254.820
2025-05-09,238.194,139.634,156.850,110.655,-0.787,63.910,98.124,103.003,176.612,3.088
2025-05-12,37.093,-2.059,30.711,13.216,-40.922,-57.101,-55.907,-44.705,-90.926,-17.373
2025-05-13,-30.359,-29.567,60.952,56.939,-88.138,-45.267,76.185,9.741,-119.898,-50.104
2025-05-14,-83.121,-32.078,3.146,-9.586,-176.903,-123.404,-21.592,-49.157,-16.627,13.674
2025-05-15,74.788,57.111,-19.809,-32.878,98.443,42.303,-4.001,30.211,38.935,32.383
2025-05-16,-111.957,-24.329,-6.172,-30.798,-178.424,-16.231,-55.728,-32.278,171.447,89.941
2025-05-19,-23.164,-35.894,-143.203,-83.433,117.228,66.095,-34.143,13.893,38.167,-65.022
2025-05-20,-102.821,-62.599,-151.552,-63.347,28.020,-23.567,-71.710,-47.656,-237.111,-142.808
2025-05-21,-16.465,-10.355,21.833,38.814,-184.957,-53.030,102.555,8.683,76.238,87.783
2025-05-22,6.121,-15.432,-7.102,-21.575,-9.265,17.898,9.326,2.949,-28.318,-31.288
2025-05-23,24.612,38.936,65.961,51.763,-74.963,-31.424,68.031,32.127,144.973,68.065
2025-05-27,-14.654,1.618,-2.667,-30.303,-75.482,-36.762,-19.498,-29.803,52.769,69.079
2025-05-28,-16.074,-8.787,-10.193,23.306,-48.577,-9.921,0.901,31.982,18.676,-24.000
2025-05-29,112.398,89.862,81.659,69.073,75.787,69.758,80.693,31.213,-94.556,-37.757
2025-05-30,-39.662,0.056,88.801,69.397,-167.319,-108.398,77.025,8.883,38.922,50.787
2025-06-02,36.557,76.351,69.587,79.255,55.704,38.174,86.739,63.512,-41.175,-11.403
2025-06-03,98.460,64.062,49.078,40.703,85.016,42.527,68.033,91.168,-27.116,-44.278
2025-06-04,107.657,94.425,156.681,104.128,39.511,46.762,31.928,29.368,-31.409,-1.581
2025-06-05,-7.245,-42.145,50.844,2.144,-127.105,-96.193,40.313,4.611,110.275,79.539
2025-06-06,23.607,21.623,26.005,18.444,18.295,-23.772,19.070,26.349,-54.316,-74.776
2025-06-09,-39.186,-23.257,-49.428,-36.766,-44.273,-28.322,28.881,1.355,-5.095,11.946
2025-06-10,-72.551,-26.075,8.406,-8.778,-214.564,-69.017,-146.261,-68.978,105.820,81.373
2025-06-11,66.117,15.843,-31.395,-28.600,5.066,41.785,47.847,12.702,108.028,44.519
2025-06-12,-23.126,6.477,-10.800,28.120,32.684,29.531,-18.799,-13.995,-58.193,-135.970
2025-06-13,-68.479,-6.906,-47.950,7.871,3.988,-22.526,23.639,24.223,-25.684,-72.900
2025-06-16,-45.024,-10.987,27.009,7.105,-77.645,-21.188,-39.791,-36.126,46.392,21.398
2025-06-17,-148.983,-79.947,-123.251,-92.540,-66.244,-18.808,-90.561,-34.941,47.395,46.968
2025-06-18,183.055,133.741,119.461,75.634,138.852,119.548,13.743,8.554,5.064,-29.499
2025-06-20,101.022,83.211,79.739,60.406,-23.219,17.668,57.188,50.540,171.765,73.717
2025-06-23,-12.573,-22.690,-6.253,-6.237,44.089,-28.579,43.886,-11.467,-246.895,-104.286
2025-06-24,65.551,3.076,71.439,53.985,60.121,-14.985,22.292,5.653,-69.374,-7.767
2025-06-25,-82.206,-41.361,-5.363,4.255,-183.720,-95.228,91.743,51.872,3.936,61.723
2025-06-26,-181.499,-127.964,-175.877,-113.586,-48.741,-104.024,26.891,-27.712,-35.247,-35.192
2025-06-27,2.291,-0.987,26.820,8.594,-123.020,-76.720,196.455,74.764,-127.547,-51.147
2025-06-30,113.043,113.981,76.857,60.325,55.067,59.426,140.805,13.245,-114.986,-12.747
2025-07-01,62.990,83.918,114.352,111.832,46.015,54.484,123.990,101.706,22.931,-28.058
2025-07-02,42.067,60.141,62.229,59.140,16.173,33.588,9.163,-25.125,41.738,47.936
2025-07-03,-51.069,-44.041,-5.532,-30.037,-75.117,-49.314,29.978,25.976,-25.924,-23.032
2025-07-07,83.820,110.634,263.038,188.719,-107.216,20.510,60.415,17.675,151.107,192.974
2025-07-08,-45.364,-16.889,-60.291,0.845,-38.936,-36.312,-30.882,-24.044,-19.059,-38.313
2025-07-09,99.222,73.045,62.725,37.624,51.703,43.629,-66.091,-70.041,28.914,41.936
2025-07-10,55.479,79.279,68.076,90.666,-18.936,46.260,-83.980,-66.552,94.293,109.327
2025-07-11,51.777,48.042,46.817,60.101,101.236,29.065,71.729,29.447,13.430,-12.136
2025-07-14,125.552,98.290,23.752,12.239,152.557,52.135,136.365,63.926,-8.346,-3.756
2025-07-15,79.867,52.678,118.362,105.955,8.720,14.115,30.346,58.462,32.479,44.407
2025-07-16,41.703,21.996,56.752,42.839,64.784,46.861,-10.059,-7.297,-119.895,-89.618
2025-07-17,-92.423,-91.027,-46.874,-35.133,-20.682,-61.437,54.794,-3.260,65.715,31.824
2025-07-18,111.897,120.003,155.001,122.121,-50.173,22.890,128.371,52.908,29.237,35.059
2025-07-21,-17.378,-14.683,41.103,-25.450,-84.923,-26.015,56.615,-16.320,-37.808,-14.460
2025-07-22,-91.965,-41.316,-93.695,-47.819,-13.832,-27.875,119.180,89.559,-5.229,-34.516
2025-07-23,-82.002,-54.010,-62.405,-46.387,-62.941,-64.235,-19.293,-12.015,-76.052,-21.838
2025-07-24,-0.526,-48.616,-52.527,-74.234,-18.115,-53.546,-16.736,-5.373,18.406,0.838
2025-07-25,28.397,8.905,38.741,3.437,-2.256,5.810,-192.252,-83.578,103.939,100.507
2025-07-28,-44.208,-22.282,-56.537,-47.609,40.047,15.588,-73.144,-80.929,-0.730,-4.849
2025-07-29,-23.753,-84.941,-73.144,-96.112,102.809,-59.336,-24.729,18.534,-135.684,-86.367
2025-07-30,-37.356,-25.513,-32.112,-31.688,31.470,-0.131,-53.599,23.538,-96.656,-78.879
2025-07-31,50.668,9.767,57.780,-10.296,48.316,19.194,-23.946,24.622,-29.230,14.271
2025-08-01,22.735,38.133,-55.248,-50.596,-74.420,-1.704,-17.939,-5.391,211.865,151.325
2025-08-04,120.369,88.670,-5.876,-3.917,120.809,30.368,109.978,30.652,62.396,28.678
2025-08-05,59.160,14.257,85.311,45.771,-10.871,-9.646,8.279,7.503,90.406,15.887
2025-08-06,-1.661,-34.159,-48.920,-35.676,-67.751,-85.163,25.321,-7.728,8.132,34.368
2025-08-07,206.765,164.737,136.413,89.416,146.401,129.761,-26.843,7.258,26.556,2.376
2025-08-08,70.087,128.293,102.637,110.480,67.595,-8.435,92.366,-23.329,-141.341,-52.388
2025-08-11,251.991,246.528,213.271,194.984,-5.703,45.325,98.239,32.459,184.097,114.923
2025-08-12,-19.380,-25.795,-89.201,-88.457,15.283,-60.074,1.808,24.250,65.332,2.385
2025-08-13,-103.752,-68.832,-60.457,-71.632,-121.081,-70.178,3.359,18.530,32.048,58.569
2025-08-14,24.933,16.939,106.969,75.737,-15.666,-13.664,-86.634,-19.531,-27.844,18.464
2025-08-15,-27.810,-3.669,-36.721,-26.578,-41.599,-10.975,20.257,6.400,-61.338,4.613
2025-08-18,-93.215,-81.242,-11.447,-23.750,-134.034,-82.523,-27.739,-42.322,14.734,15.198
2025-08-19,-224.908,-185.439,-134.489,-70.005,-207.024,-124.303,135.852,79.229,-5.089,1.940
2025-08-20,11.840,25.052,18.589,5.663,-52.245,-22.565,85.082,34.458,152.163,109.657
2025-08-21,113.479,92.047,143.367,99.429,44.797,95.323,36.196,42.212,163.561,69.496
2025-08-22,-50.835,-62.611,2.641,-36.144,-18.585,-14.962,-6.406,24.902,-15.769,4.435
2025-08-25,80.062,53.557,99.179,69.031,-21.473,9.559,65.897,25.218,123.958,62.308
2025-08-26,30.812,38.515,51.843,13.646,6.793,21.250,1.536,7.217,50.217,57.899
2025-08-27,-31.921,-40.378,-6.239,-13.742,-57.187,-23.123,-46.789,13.597,105.403,38.174
2025-08-28,-82.476,-100.609,-61.643,-50.762,-161.646,-114.220,30.822,24.071,115.274,25.122
2025-08-29,-31.532,-33.055,7.052,-15.269,-44.259,-30.540,48.455,13.545,57.383,20.497
2025-09-02,56.850,79.258,115.871,80.101,-92.407,-12.860,15.953,28.638,54.139,22.055
2025-09-03,88.950,67.865,54.278,62.847,105.898,78.113,79.608,29.028,25.514,52.008
2025-09-04,-79.822,-26.695,-43.790,-5.010,-67.950,-11.292,-21.994,-13.541,-89.305,0.300
2025-09-05,2.865,27.214,41.379,72.349,-43.053,-0.075,68.907,12.575,-60.217,-8.626
2025-09-08,66.275,77.849,44.933,30.546,43.222,46.932,70.397,6.779,-53.064,21.223
2025-09-09,55.940,111.220,8.107,31.824,80.566,133.173,36.624,12.437,-33.909,18.894
2025-09-10,-6.791,13.347,64.716,51.893,-44.845,-15.512,11.878,-35.545,-40.157,-1.721
2025-09-11,59.900,99.776,48.871,32.763,-82.184,-50.495,53.896,54.187,-55.059,7.340
2025-09-12,70.192,69.870,65.082,66.817,106.644,58.579,-38.646,-34.068,31.557,26.553
2025-09-15,64.244,39.251,54.863,35.151,6.211,2.287,9.349,17.296,-89.482,-29.536
2025-09-16,41.232,26.241,97.245,63.919,-103.353,-36.522,30.051,7.236,-6.328,-26.375
2025-09-17,64.631,67.299,67.059,41.681,17.350,40.791,16.356,9.371,38.072,-10.360
2025-09-18,-6.609,22.973,69.331,70.400,-49.683,11.363,68.740,58.051,-49.011,-23.739
2025-09-19,-134.287,-156.872,20.420,18.307,-158.610,-146.176,67.698,67.319,-19.391,-59.325
2025-09-22,-44.876,-41.074,-69.870,-65.173,92.404,-24.159,-20.232,-40.813,121.482,48.366
2025-09-23,14.123,0.940,-55.098,-45.134,44.896,36.315,-25.088,38.758,-14.794,11.945
2025-09-24,-0.482,23.406,-21.437,21.199,24.600,38.855,55.328,24.203,-6.124,-7.993
2025-09-25,-249.391,-180.901,-96.371,-59.820,-197.421,-157.175,-55.105,-34.565,80.181,34.242
2025-09-26,96.374,53.769,-27.414,-55.362,101.052,48.951,-62.688,-18.920,-20.635,2.716
2025-09-29,62.367,31.163,104.087,70.200,122.905,123.903,3.716,-9.663,-63.667,-43.483
2025-09-30,149.402,116.721,92.349,44.422,169.928,141.783,21.764,21.168,-57.247,-15.238
2025-10-01,82.150,57.821,91.913,13.695,37.624,58.940,62.413,-1.086,-108.411,-75.455
2025-10-02,167.378,179.359,119.549,103.302,163.244,141.010,-94.441,-15.596,35.072,48.110
2025-10-03,171.264,189.368,140.835,140.866,80.433,95.494,44.913,0.132,180.575,76.098
2025-10-06,113.649,73.940,111.764,112.328,107.908,85.998,1.603,17.706,37.393,41.192
2025-10-07,131.836,57.365,-21.778,-11.083,221.189,89.292,10.180,7.909,-230.938,-166.649
2025-10-08,-8.661,42.111,24.780,29.984,-52.275,-9.521,-19.162,-38.191,175.129,79.897
2025-10-09,-36.893,-16.118,96.309,103.965,-47.569,-21.561,-39.559,2.785,-75.513,16.249
2025-10-10,-110.967,22.243,-85.850,-32.538,-267.009,-29.769,194.261,22.750,247.583,257.236
2025-10-13,-110.515,-87.805,-89.819,-74.506,8.465,52.098,-60.846,-36.128,30.975,32.431
2025-10-14,-399.328,-263.101,-347.447,-233.788,-465.839,-336.468,46.326,50.740,19.255,38.716
2025-10-15,33.093,23.792,-126.693,-148.138,128.442,50.050,38.694,39.943,29.487,54.813
2025-10-16,-174.070,-150.877,-89.127,-148.711,-258.353,-152.488,79.726,74.568,90.980,57.569
2025-10-17,204.919,148.747,145.354,81.614,190.608,155.325,-21.962,-57.717,-45.249,-35.143
2025-10-20,-287.792,-225.149,-232.054,-144.245,-142.481,-141.054,46.781,45.706,-126.790,-111.421
2025-10-21,-9.460,26.852,-5.703,24.261,-32.997,3.531,19.718,0.462,43.730,44.668
2025-10-22,-232.231,-127.849,-42.197,19.277,-294.700,-138.545,215.627,109.827,267.928,141.321
2025-10-23,-24.243,-41.945,-63.783,-87.872,53.098,-13.622,-44.980,-39.137,-125.339,34.176
2025-10-24,59.914,43.528,81.027,36.244,68.152,36.685,-1.223,56.860,-158.514,3.719
2025-10-27,-47.718,20.541,-13.749,57.052,-61.344,-31.359,-137.971,-41.342,45.822,7.141
2025-10-28,-27.932,-30.997,-82.734,-48.959,-0.839,8.010,-38.245,-22.292,81.422,3.893
2025-10-29,6.022,31.233,1.097,30.420,37.465,23.272,-38.342,-13.567,15.869,-26.404
2025-10-30,-57.317,-47.936,-81.559,-58.710,71.273,27.338,-67.784,-47.282,-111.434,-72.705
2025-10-31,49.925,81.923,82.728,15.520,-46.987,-0.558,43.949,-14.523,43.914,24.490
2025-11-03,-42.103,-58.745,-180.022,-96.602,199.685,153.230,-144.609,-84.877,104.047,-5.130
2025-11-04,9.844,11.197,-64.306,0.925,3.036,-33.876,-11.936,1.112,11.593,46.755
2025-11-05,9.451,33.911,68.557,123.487,-29.932,-8.905,51.604,11.090,-40.868,-24.025
2025-11-06,62.695,79.289,124.347,103.758,-15.000,31.560,96.680,83.493,122.800,32.630
2025-11-07,8.248,16.160,-80.135,-39.100,-4.833,-1.875,40.023,-6.438,51.451,25.309
2025-11-10,-195.113,-122.499,-69.145,-61.341,-206.092,-110.411,-86.245,6.470,231.896,118.615
2025-11-11,-93.490,-141.765,-107.892,-120.350,-24.151,-102.645,-78.922,-69.503,46.207,5.011
2025-11-12,-157.064,-196.905,-94.785,-86.851,-120.899,-162.617,-87.420,-55.126,102.730,28.734
2025-11-13,-10.368,-25.230,-58.246,-0.838,138.494,40.002,-76.419,-13.829,-219.021,-148.826
2025-11-14,14.388,-3.665,-26.742,6.647,94.388,36.001,-43.835,-22.766,-30.701,-60.989
2025-11-17,-5.538,13.387,-25.919,30.245,120.321,-22.746,-30.121,-72.155,-175.267,-80.528
2025-11-18,30.962,-11.376,-15.590,-2.762,-68.047,-65.725,51.387,-1.159,-114.529,-61.931
2025-11-19,88.419,110.182,132.187,99.092,4.609,46.577,-10.452,5.783,-69.462,-39.834
2025-11-20,-58.988,-19.365,156.667,48.479,-351.670,-126.341,221.224,118.739,336.631,258.626
2025-11-21,177.300,54.049,11.155,-5.884,322.087,104.245,37.780,43.240,-241.989,-164.565
2025-11-24,59.223,-14.352,-202.433,-123.209,241.429,141.551,8.852,35.085,-160.385,-61.214
2025-11-25,1.349,-26.119,-3.747,-28.888,9.990,28.203,11.710,-18.390,-65.209,-28.707
2025-11-26,12.946,-5.172,-18.382,-30.001,58.504,60.031,-27.130,-35.741,-56.788,-30.146
2025-11-28,118.010,132.927,103.115,132.322,13.585,7.090,-86.740,39.590,-42.022,-44.027
2025-12-01,101.542,55.762,370.801,95.115,-145.158,-67.796,28.838,-6.043,67.634,40.961
2025-12-02,112.192,55.971,147.803,163.477,232.334,138.248,147.193,119.007,-67.209,5.933
2025-12-03,94.858,64.141,68.818,52.219,14.926,-20.376,-26.473,42.135,4.916,-1.243
2025-12-04,13.286,29.710,24.168,24.702,90.614,96.245,-28.612,13.196,-30.366,-30.134
2025-12-05,93.934,63.069,112.237,68.703,-3.151,-12.282,-63.309,-14.287,-57.492,-40.563
2025-12-08,-26.864,58.443,52.667,77.487,-25.379,8.648,65.604,73.023,39.077,42.146
2025-12-09,88.476,67.926,42.592,50.172,47.330,37.770,2.761,-17.157,61.245,-5.846
2025-12-10,-93.152,1.344,-166.365,-39.043,-23.675,32.095,-71.507,-33.201,153.990,20.957
2025-12-11,7.306,-23.301,-2.896,-0.424,-29.398,-14.124,-132.352,-130.043,94.271,64.235
2025-12-12,150.759,82.943,-49.678,-12.340,303.646,192.812,-80.353,-9.994,-158.938,-104.259
2025-12-15,12.734,15.208,-54.203,-18.655,57.208,35.603,1.358,-13.142,33.699,27.437
2025-12-16,-29.618,2.459,-112.405,-34.063,-3.943,1.163,22.109,-5.357,39.778,50.078
2025-12-17,-43.065,37.007,227.587,103.996,-304.593,-201.991,292.865,144.345,209.508,107.342
2025-12-18,-20.874,18.054,-65.208,14.573,71.205,41.475,-161.038,-54.076,-227.939,-77.719
2025-12-19,28.182,41.709,-6.041,-7.645,64.672,24.035,-17.826,-11.261,-57.075,-0.428
2025-12-22,-139.615,-127.460,-63.278,-41.343,-118.260,-107.541,-33.374,-39.036,-54.315,-8.432
2025-12-23,-68.388,-72.532,-75.919,-52.475,-70.700,-82.609,24.708,28.229,-86.017,-95.522
2025-12-24,3.028,2.216,32.163,46.170,-8.864,-6.955,-31.141,-25.810,29.978,6.693
2025-12-26,-121.718,-134.093,-90.095,-100.077,-54.428,-73.571,-16.244,-12.144,2.007,36.653
