date,composite_signed,composite_raw,volume_signed,volume_raw,return_mag_signed,return_mag_raw,sector_rs_signed,sector_rs_raw,delay_signed,delay_raw
2024-11-01,0.021512,-0.047222,-0.000651,-0.024284,0.027880,-0.051301,0.058546,0.013413,,
2024-11-04,0.014376,-0.092709,0.002221,-0.050208,0.005695,-0.093265,0.073943,0.001042,,
2024-11-05,0.151308,0.146156,0.025962,0.082164,0.196743,0.145356,0.029060,-0.005275,,
2024-11-06,0.052269,0.034944,0.005382,0.043988,0.059296,0.023457,0.018394,0.021014,,
2024-11-07,-0.048388,0.025483,0.056709,0.088229,-0.117298,-0.032032,0.011262,0.032475,,
2024-11-08,0.029159,-0.034455,-0.006899,0.028354,0.060885,-0.086599,-0.045390,0.050351,,
2024-11-11,-0.176614,-0.099003,-0.135510,-0.112835,-0.146092,-0.045216,-0.082529,-0.035979,,
2024-11-12,0.043719,0.022983,-0.040684,-0.040675,0.090265,0.077351,-0.018252,-0.023466,,
2024-11-13,-0.028826,-0.076529,-0.044085,-0.057228,0.008618,-0.075301,-0.079713,0.026996,,
2024-11-14,0.062505,-0.037019,0.008180,0.024270,0.104583,-0.094375,-0.010570,0.014418,,
2024-11-15,-0.085625,0.094084,-0.052041,0.074349,-0.091569,0.077318,0.036250,-0.024581,,
2024-11-18,0.079228,0.049032,0.021584,0.074694,0.103010,0.010234,0.026262,-0.050338,,
2024-11-19,0.117703,0.022510,0.092873,0.018602,0.089134,0.026592,0.050144,-0.058788,,
2024-11-20,0.047988,-0.036161,0.026007,-0.053740,0.046431,0.006559,0.059285,-0.019744,,
2024-11-21,0.081875,-0.012067,-0.047388,-0.060292,0.186148,0.051134,0.042331,-0.023463,,
2024-11-22,0.004680,-0.015266,-0.064788,-0.084919,0.080894,0.073591,0.010377,-0.035440,,
2024-11-25,-0.137558,-0.109949,-0.085287,-0.071300,-0.101848,-0.077165,-0.031092,-0.050453,,
2024-11-26,-0.068511,0.055355,0.028292,-0.029622,-0.143709,0.113301,-0.000516,0.034906,,
2024-11-27,-0.058204,0.086014,-0.031257,0.045347,-0.061899,0.080845,-0.012985,0.025908,,
2024-11-29,0.068676,0.134988,0.000074,0.048664,0.072057,0.136378,-0.028455,-0.016753,,
2024-12-02,-0.065832,0.011031,-0.061854,0.060038,-0.034727,-0.030259,-0.049777,-0.076185,,
2024-12-03,0.015569,0.039538,0.015562,0.062421,0.003325,-0.003643,0.007411,-0.027892,,
2024-12-04,-0.057143,-0.021726,-0.012867,-0.013271,-0.081406,-0.028497,-0.008258,0.009805,,
2024-12-05,-0.039041,0.013713,0.001738,-0.046547,-0.061436,0.076565,-0.019552,-0.020252,,
2024-12-06,-0.042466,-0.019203,-0.008764,-0.055588,-0.071260,0.023588,0.007224,-0.006715,,
2024-12-09,-0.136256,-0.001637,-0.111273,0.007225,-0.100006,-0.020778,-0.066110,-0.010094,,
2024-12-10,-0.037120,0.072173,-0.057755,0.077447,0.011551,0.034206,-0.062188,-0.016170,,
2024-12-11,0.008303,0.075085,-0.004514,0.075206,0.013542,0.044487,0.015656,-0.015039,,
2024-12-12,0.010791,0.035548,-0.053671,0.034803,0.087609,0.006735,-0.025897,-0.001835,,
2024-12-13,0.038427,0.055688,-0.026718,0.030886,0.105235,0.054578,-0.049911,0.008548,,
2024-12-16,-0.066893,-0.032246,-0.061921,-0.024806,-0.039334,-0.029035,-0.030461,0.000782,,
2024-12-17,0.082006,-0.028859,-0.047721,0.001340,0.176643,-0.053004,-0.044718,0.056258,,
2024-12-18,-0.068489,0.015058,-0.030903,0.007426,-0.088378,0.021363,0.002306,0.021006,,
2024-12-19,-0.073357,-0.045649,-0.071629,-0.010503,-0.057724,-0.067467,0.026528,0.028849,,
2024-12-20,0.117789,-0.040533,-0.040829,-0.010442,0.151557,-0.057934,0.033613,-0.021876,,
2024-12-23,0.005703,0.071163,0.015290,0.090364,-0.005220,0.009282,-0.017616,0.035227,,
2024-12-24,-0.136167,0.037115,0.006884,0.058473,-0.205566,-0.024269,-0.019835,0.023818,,
2024-12-26,-0.090065,0.020302,-0.048183,-0.003250,-0.129265,0.018038,-0.031228,0.002332,,
2024-12-27,0.091394,-0.074096,0.003876,0.020127,0.164636,-0.167484,0.042486,-0.009175,,
2024-12-30,-0.040302,-0.030840,-0.013656,0.004895,-0.054182,-0.065309,0.073718,0.001252,,
2024-12-31,-0.015613,-0.000800,0.005518,0.000188,-0.071028,0.009897,0.064998,-0.045212,,
2025-01-02,0.009674,-0.044993,-0.052247,0.004748,0.075197,-0.072299,0.000017,-0.016620,,
2025-01-03,-0.082480,-0.031986,-0.028977,-0.025306,-0.126039,-0.032081,0.018411,-0.010344,,
2025-01-06,-0.066646,-0.053200,-0.100435,-0.051110,0.010890,-0.028270,-0.096836,-0.053847,,
2025-01-07,0.090781,-0.068864,0.005947,-0.047705,0.139424,-0.062263,0.001480,-0.085740,,
2025-01-08,0.052821,-0.077680,-0.003153,-0.045056,0.102264,-0.082465,-0.047978,-0.001296,,
2025-01-10,0.000426,-0.071617,0.131934,-0.116715,-0.124021,0.007609,0.052529,-0.011536,,
2025-01-13,0.053528,-0.093076,-0.041387,-0.122455,0.118828,-0.019985,0.048276,-0.034084,,
2025-01-14,0.109616,-0.001719,-0.016354,-0.045909,0.190494,0.049531,0.053069,-0.001530,,
2025-01-15,0.032750,-0.084243,-0.036331,-0.035525,0.064160,-0.118831,0.035040,0.029187,,
2025-01-16,0.062040,-0.099246,0.052519,-0.024248,0.038057,-0.137186,0.044399,0.038903,,
2025-01-17,0.056955,0.023939,-0.007343,0.010223,0.104537,0.025906,0.043974,0.012905,,
2025-01-21,0.049438,0.071400,0.049212,0.063319,0.027682,0.051848,-0.009239,0.034701,,
2025-01-22,-0.152481,-0.036591,-0.048283,-0.132130,-0.196778,0.070964,0.005635,-0.045251,,
2025-01-23,0.024190,-0.013390,0.014277,-0.070466,0.024564,0.062757,-0.014581,0.007075,,
2025-01-24,0.003964,-0.048263,-0.001782,-0.051427,0.005973,-0.019210,-0.040287,-0.016872,,
2025-01-27,-0.168315,0.046014,-0.109405,0.088487,-0.196914,0.019908,0.013522,-0.065702,,
2025-01-28,-0.054410,-0.023131,-0.053361,0.036833,-0.035134,-0.075918,-0.025257,-0.080526,,
2025-01-29,-0.015328,0.016314,0.010799,0.018854,-0.026294,0.007523,-0.022907,-0.051409,,
2025-01-30,-0.014017,0.004993,0.041686,0.040032,-0.046807,-0.029993,-0.052124,-0.032861,,
2025-01-31,-0.004036,-0.022450,0.000064,0.033412,0.002193,-0.068935,0.028232,-0.017675,,
2025-02-03,-0.067456,0.006816,0.061610,-0.068969,-0.162717,0.067208,-0.018235,0.065531,,
2025-02-04,0.015259,-0.035615,0.036086,-0.005755,-0.022934,-0.060902,0.017426,0.015111,,
2025-02-05,-0.004164,-0.009741,0.034715,0.005008,-0.052811,-0.026244,0.000426,-0.035600,,
2025-02-06,-0.018119,0.022107,0.003198,0.009737,-0.017506,0.024265,-0.023525,0.007009,,
2025-02-07,-0.000854,0.021724,-0.043390,0.054268,0.064049,-0.043264,-0.035743,0.025945,,
2025-02-10,0.060062,0.032191,0.037563,0.019472,0.061037,0.025860,-0.000212,-0.011515,,
2025-02-11,-0.034330,0.034889,0.017825,0.048283,-0.085636,0.007813,0.035999,0.004918,,
2025-02-12,0.022423,-0.009746,0.075123,0.019056,-0.041437,-0.031200,0.003615,-0.007541,,
2025-02-13,-0.027050,-0.034292,-0.010699,-0.015371,-0.027356,-0.043338,-0.015333,-0.007934,,
2025-02-14,-0.041255,0.006761,-0.017543,-0.019308,-0.055454,0.037890,0.000177,0.017371,,
2025-02-18,-0.017592,-0.013821,0.026033,-0.065125,-0.058162,0.036734,-0.054310,0.067302,,
2025-02-19,0.024247,-0.041561,-0.045352,-0.043308,0.096502,-0.027468,-0.050789,0.024317,,
2025-02-20,0.075686,-0.053313,0.013363,-0.039362,0.123978,-0.048863,-0.087593,0.021396,,
2025-02-21,0.010915,-0.035150,-0.040902,0.006833,0.054852,-0.066651,-0.049181,0.040594,,
2025-02-24,0.028460,-0.032045,-0.051554,0.002191,0.100041,-0.059303,-0.026814,0.039330,,
2025-02-25,-0.003924,-0.007977,-0.006491,0.019917,0.011748,-0.028204,-0.024272,0.001414,,
2025-02-26,-0.058396,-0.012679,-0.017496,0.014814,-0.076740,-0.055856,-0.021642,0.098542,,
2025-02-27,0.064009,0.058623,-0.044183,0.074704,0.161821,0.005515,-0.087698,0.091450,,
2025-02-28,-0.072133,0.012770,0.051447,0.067120,-0.139396,-0.029253,-0.001586,0.014285,,
2025-03-03,0.100600,-0.038859,0.038234,-0.036295,0.112021,-0.022532,0.017982,-0.033061,,
2025-03-04,0.023071,-0.139467,0.025439,-0.116819,0.015500,-0.112713,0.021402,0.001360,,
2025-03-05,-0.032515,0.052809,0.069616,0.085058,-0.122225,-0.011973,0.028098,0.053776,,
2025-03-06,0.140964,-0.110174,-0.017476,0.019469,0.253142,-0.202689,-0.074175,0.035246,,
2025-03-07,-0.178702,-0.115444,-0.044025,-0.045629,-0.221418,-0.130035,-0.126827,-0.096021,,
2025-03-10,-0.004586,0.053715,-0.008252,-0.088832,-0.012921,0.183463,0.019466,-0.121008,,
2025-03-11,0.012983,-0.181368,-0.091568,-0.085797,0.108718,-0.185553,-0.025176,-0.092314,,
2025-03-12,-0.026223,-0.070413,-0.002807,-0.062180,-0.037968,-0.044258,0.008506,-0.025155,,
2025-03-13,-0.034691,-0.045020,0.084382,-0.055327,-0.153912,-0.019095,0.050698,-0.006657,,
2025-03-14,0.070133,0.011971,-0.034198,-0.006457,0.144547,0.022222,0.046098,0.018975,,
2025-03-17,-0.049121,-0.011456,-0.036132,-0.004387,-0.055328,-0.033377,0.012769,0.032245,,
2025-03-18,-0.079041,0.032236,0.028540,-0.095370,-0.152478,0.164804,-0.030963,0.008791,,
2025-03-19,0.074192,0.061857,-0.057777,-0.068078,0.185340,0.181365,-0.017369,-0.003560,,
2025-03-20,0.087313,-0.115406,0.083659,-0.085340,0.021788,-0.099262,0.011731,0.072050,,
2025-03-21,-0.165920,0.153018,-0.157218,0.244094,-0.103690,-0.020997,0.012089,0.016324,,
2025-03-24,-0.096525,-0.096731,0.068388,0.051443,-0.216304,-0.195594,-0.074201,-0.068943,,
2025-03-25,-0.065052,0.138042,-0.089983,0.110042,-0.006911,0.113984,-0.017648,-0.085694,,
2025-03-26,0.183913,-0.030011,-0.027627,0.063802,0.325476,-0.120606,-0.027453,0.022995,,
2025-03-27,-0.003714,0.052058,-0.059010,0.089018,0.076161,-0.027941,-0.080314,0.032033,,
2025-03-28,-0.045058,0.006237,0.059266,-0.049444,-0.146629,0.077671,-0.014924,0.038816,,
2025-03-31,-0.012588,0.153561,-0.023953,0.148519,0.028394,0.073514,-0.139924,0.115039,,
2025-04-01,0.054537,0.201084,0.096569,0.192353,-0.023629,0.083079,-0.040738,0.107559,,
2025-04-02,-0.081850,0.028041,0.086102,0.127232,-0.240853,-0.108955,0.021711,0.052718,,
2025-04-03,0.013356,0.077395,-0.093667,0.057947,0.105574,0.072803,-0.079473,0.046946,,
2025-04-04,-0.013288,-0.032089,0.051898,-0.105132,-0.021711,0.005395,0.093726,-0.087256,,
2025-04-07,-0.086826,-0.116725,-0.094216,-0.002266,-0.053819,-0.151423,-0.009862,0.059822,,
2025-04-08,0.026673,-0.153100,0.134493,-0.142094,-0.045177,-0.117197,0.017901,0.027144,,
2025-04-09,-0.097577,-0.119137,-0.044182,-0.024520,-0.167727,-0.192817,0.031453,0.024169,,
2025-04-10,-0.049347,-0.013953,-0.005986,0.053654,-0.022083,-0.106612,0.022931,-0.030872,,
2025-04-11,0.096495,0.156483,0.070158,0.166752,0.109842,0.112825,-0.050158,-0.033100,,
2025-04-14,0.061600,0.127322,0.017320,0.054188,0.091340,0.149380,0.008620,0.043523,,
2025-04-15,0.023784,0.214069,0.018285,0.142640,0.004015,0.179519,-0.013337,0.027590,,
2025-04-16,0.004991,-0.123550,0.052650,-0.070245,-0.042580,-0.136194,0.025078,0.021348,,
2025-04-17,0.015699,-0.189398,-0.017195,-0.135953,0.046197,-0.154912,0.006685,0.001945,,
2025-04-21,0.040887,-0.154342,0.201465,-0.207618,-0.143783,-0.027453,0.055897,-0.006725,,
2025-04-22,-0.125448,-0.196389,-0.189058,-0.201544,-0.030422,-0.107621,0.059217,0.055906,,
2025-04-23,0.107122,0.036458,-0.108990,-0.100322,0.277451,0.169644,0.103349,0.088836,,
2025-04-24,-0.042848,-0.020965,-0.101726,-0.038790,0.046935,0.021787,-0.021192,-0.044637,,
2025-04-25,-0.017412,0.049614,-0.012739,0.066896,-0.022142,0.016231,0.015688,-0.036968,,
2025-04-28,0.002701,-0.038469,0.024731,0.026087,-0.021776,-0.114126,-0.027195,-0.010907,,
2025-04-29,-0.041803,-0.084084,-0.049795,-0.056246,-0.014282,-0.080880,0.043296,0.053790,,
2025-04-30,0.020026,-0.108530,0.078643,-0.070360,-0.074122,-0.094550,0.029127,0.045794,,
2025-05-01,-0.012954,-0.055763,-0.009800,-0.008316,0.018595,-0.041296,0.040761,-0.015871,-0.059778,-0.110641
2025-05-02,0.007759,-0.008794,0.018914,-0.002631,-0.031409,-0.034844,-0.070643,-0.055719,0.047739,0.064306
2025-05-05,0.045172,-0.026216,0.087262,-0.015103,-0.074585,0.024322,0.021536,-0.019994,0.060164,-0.072777
2025-05-06,0.095295,-0.101411,0.126469,-0.060478,-0.046238,-0.055833,0.049795,0.030102,0.139645,-0.128173
2025-05-07,-0.118505,-0.119595,-0.091145,-0.040434,-0.046453,-0.064735,0.067422,0.038956,-0.149397,-0.215846
2025-05-08,0.070198,0.031207,-0.032313,0.044468,0.217815,0.105225,0.098750,0.106944,-0.187418,-0.277465
2025-05-09,0.098958,-0.098239,0.080683,0.032398,0.088991,-0.096186,0.053477,0.054275,0.014695,-0.307536
2025-05-12,-0.019297,-0.030714,0.021951,0.048883,0.018573,-0.052727,-0.025254,-0.054262,-0.207609,-0.130463
2025-05-13,-0.074583,0.088622,0.016704,0.083971,-0.106983,0.055523,0.050507,-0.084142,-0.163914,0.028486
2025-05-14,-0.131031,0.116643,-0.014668,0.037350,-0.186093,0.116208,-0.012073,-0.062313,-0.104735,0.133762
2025-05-15,0.126554,0.165287,0.035598,0.103257,0.177209,0.145774,-0.013141,-0.036404,0.012636,0.084763
2025-05-16,-0.043818,0.036999,0.018349,0.009253,-0.164504,-0.019626,-0.081116,-0.078824,0.103236,0.096102
2025-05-19,-0.030520,0.131051,-0.113672,0.111867,0.117943,0.037445,-0.072843,0.051345,0.024109,0.054201
2025-05-20,-0.140619,0.142619,-0.148252,0.114062,0.024188,0.046644,-0.084168,0.050364,-0.145212,0.077532
2025-05-21,-0.033969,0.028631,0.011796,0.037482,-0.145801,0.069654,0.046633,-0.040145,0.176261,-0.145220
2025-05-22,0.015491,-0.038531,0.027164,0.011925,-0.017208,-0.052114,0.032401,0.011012,0.003839,-0.088470
2025-05-23,0.060708,-0.123540,0.062589,-0.059041,-0.072980,-0.083597,0.075392,-0.029454,0.182421,-0.149554
2025-05-27,0.035507,0.027076,0.027128,0.006937,-0.038122,-0.016178,-0.023674,-0.031954,0.117391,0.097684
2025-05-28,-0.004475,-0.011581,-0.021263,0.008847,0.013654,-0.022486,-0.019023,-0.007449,0.049286,-0.033700
2025-05-29,-0.007907,-0.091090,0.032364,-0.018780,-0.002157,-0.078975,0.043788,-0.016026,-0.135969,-0.153490
2025-05-30,-0.001429,-0.102071,0.041917,-0.095956,-0.103030,0.016902,0.038054,0.009246,0.079344,-0.158534
2025-06-02,-0.013112,0.000029,0.019786,-0.011768,-0.036475,0.061565,0.060676,0.017921,-0.059095,-0.082323
2025-06-03,0.047126,0.025105,0.009535,0.034630,0.113047,0.069924,0.011117,0.065932,-0.069045,-0.123470
2025-06-04,0.055236,-0.077525,0.107526,-0.023641,-0.020270,-0.066139,0.068648,0.070923,-0.043722,-0.095128
2025-06-05,0.023451,-0.099177,0.037175,-0.088019,-0.060364,-0.024805,0.022985,0.050304,0.112556,-0.090535
2025-06-06,-0.023959,-0.010783,-0.016092,-0.048860,0.015209,0.021672,0.035924,0.070159,-0.072491,0.033229
2025-06-09,-0.021579,0.027788,-0.015427,0.006489,-0.029319,0.006668,0.022882,0.001541,-0.001096,0.059275
2025-06-10,-0.055455,0.044282,-0.008866,0.024572,-0.133903,-0.010038,-0.094385,-0.061039,0.086415,0.117647
2025-06-11,0.087174,0.000382,-0.007918,0.050216,0.181205,-0.064093,0.009029,0.007204,0.038097,-0.033674
2025-06-12,-0.036696,0.058391,-0.031551,0.066068,-0.031167,0.006591,-0.042281,-0.036065,0.030562,-0.009221
2025-06-13,-0.040055,0.006247,-0.065867,0.040972,-0.010776,0.015956,0.009433,-0.035822,0.113378,-0.132790
2025-06-16,-0.065176,-0.020553,0.016892,0.009093,-0.174708,-0.060303,-0.005342,-0.009586,0.076478,0.015191
2025-06-17,-0.040406,-0.036064,-0.044939,-0.023192,-0.068780,0.003336,-0.045216,0.004221,0.112923,-0.098707
2025-06-18,0.067316,-0.093302,0.054168,-0.050424,0.117411,-0.012218,0.039404,-0.046927,-0.074625,-0.191306
2025-06-20,0.077605,-0.051830,0.131926,-0.010666,-0.065328,0.018183,0.035015,-0.032226,0.124580,-0.228936
2025-06-23,-0.008392,-0.147840,-0.004530,-0.018341,0.069778,-0.164005,0.024254,0.019976,-0.258010,-0.218495
2025-06-24,0.062502,0.025277,0.021319,0.025803,0.123355,0.100868,0.015757,-0.008915,-0.148126,-0.237374
2025-06-25,-0.062952,0.023900,0.015622,0.035757,-0.186099,0.069289,0.033610,0.015800,0.050273,-0.164144
2025-06-26,-0.093781,-0.112793,-0.123035,-0.100081,0.024186,-0.063159,0.010248,0.010125,-0.071147,-0.016555
2025-06-27,-0.023367,0.024432,0.013270,0.106461,-0.020659,-0.074922,0.070175,0.003513,-0.117678,0.017961
2025-06-30,0.023230,-0.154068,0.032767,-0.046733,0.012238,-0.151605,0.042605,-0.010230,-0.063740,-0.085727
2025-07-01,-0.003887,-0.015840,0.022835,0.014740,-0.024627,0.012112,0.027022,-0.023345,0.037270,-0.129522
2025-07-02,-0.017848,-0.016067,-0.013120,-0.033302,-0.010661,0.044335,-0.005811,0.019907,-0.012936,-0.101702
2025-07-03,-0.028485,-0.069653,-0.009340,-0.041505,-0.035960,-0.061260,-0.017954,0.010685,-0.015595,-0.030011
2025-07-07,0.022371,-0.003066,0.110571,-0.057215,-0.140812,0.116311,0.003949,0.018357,0.080255,-0.079065
2025-07-08,-0.028280,-0.004151,-0.023757,-0.017899,0.001680,0.028692,-0.024114,0.005120,-0.028287,-0.048510
2025-07-09,0.015980,-0.004795,0.030559,0.021312,-0.018214,-0.025498,-0.035577,-0.019058,0.026248,-0.015316
2025-07-10,-0.012250,-0.068469,0.008765,-0.033711,-0.081706,-0.115413,-0.060467,-0.023332,0.094907,-0.000963
2025-07-11,0.010550,0.027270,-0.023214,0.054462,0.052701,-0.031112,0.025630,-0.015035,0.005507,-0.021637
2025-07-14,0.058456,0.008849,0.039950,0.039422,0.070418,0.000066,0.039255,-0.007439,-0.038876,-0.128077
2025-07-15,0.004060,-0.007601,0.031091,0.058143,-0.072716,-0.003955,-0.005829,0.037948,0.105732,-0.171189
2025-07-16,0.000525,-0.036992,0.037189,0.022465,-0.019075,-0.062540,0.010511,0.039318,-0.085315,-0.124813
2025-07-17,-0.066424,-0.119547,-0.073804,-0.124967,-0.034166,-0.088832,-0.019422,-0.064891,0.001921,0.111268
2025-07-18,0.045051,-0.066450,0.104071,-0.104502,-0.070993,0.029409,0.067472,-0.066645,0.002021,0.074989
2025-07-21,0.005497,-0.056236,0.036620,-0.059095,-0.040276,-0.013423,0.049927,-0.014391,0.004044,-0.020667
2025-07-22,-0.050931,-0.078428,-0.052830,-0.052489,-0.003405,-0.019857,0.070503,0.004019,-0.079652,-0.192020
2025-07-23,-0.083688,-0.056922,-0.068845,-0.062457,-0.062048,0.014222,0.017769,0.022731,-0.066317,-0.198726
2025-07-24,0.017566,-0.071477,-0.028756,-0.036576,0.055530,-0.048578,0.016257,-0.031030,0.024408,-0.115248
2025-07-25,0.042382,-0.032850,0.046493,-0.071319,-0.011568,0.038402,-0.085153,-0.037792,0.091590,-0.081446
2025-07-28,-0.027940,-0.003182,-0.058203,-0.009732,0.029510,-0.018278,-0.012677,-0.057619,-0.011453,-0.006799
2025-07-29,-0.013733,0.023944,-0.027548,-0.036605,0.028906,0.016485,-0.037900,0.019138,-0.072361,0.138267
2025-07-30,-0.051216,0.017096,-0.040412,-0.021493,0.017190,-0.024801,-0.060874,0.030478,-0.101761,0.140042
2025-07-31,0.006502,-0.019181,0.010778,-0.022335,-0.007458,-0.060736,-0.009189,0.043713,-0.017263,0.181804
2025-08-01,-0.028598,-0.020796,-0.012793,-0.002410,-0.080411,-0.011873,0.021271,-0.002411,0.187793,-0.071177
2025-08-04,0.035551,0.036067,-0.014849,-0.026034,0.049502,0.060145,0.006876,0.021339,0.065115,0.062409
2025-08-05,-0.017265,-0.044990,-0.004777,-0.051841,-0.023404,-0.025544,-0.019272,0.006990,0.057113,-0.042802
2025-08-06,-0.006882,-0.006218,-0.017347,-0.031070,0.000519,0.002610,-0.016575,0.006541,-0.001826,0.006521
2025-08-07,0.110530,-0.022427,0.090591,-0.014595,0.075337,0.035399,0.035414,0.026131,0.039350,-0.119542
2025-08-08,0.028215,-0.019622,0.023003,0.034410,0.061777,-0.019085,0.063222,0.000976,-0.115921,-0.035181
2025-08-11,0.083273,0.009664,0.097527,0.051858,-0.017684,0.014439,0.049563,-0.013785,0.133413,-0.068790
2025-08-12,-0.018212,-0.019516,-0.061794,-0.010574,-0.012576,-0.053622,0.005232,0.006120,0.102878,0.106351
2025-08-13,-0.116879,-0.090517,-0.018805,-0.036144,-0.187018,-0.133428,-0.067545,-0.043490,0.012714,0.036591
2025-08-14,0.002684,0.035139,0.056580,-0.073776,-0.050731,0.111004,-0.044823,0.042904,-0.018813,0.078594
2025-08-15,-0.068598,0.048783,-0.039637,-0.020346,-0.053208,0.083866,0.017916,-0.004667,-0.070494,0.115393
2025-08-18,-0.064525,0.000914,-0.000915,-0.066290,-0.153299,0.017426,-0.031303,-0.040606,0.042070,0.194928
2025-08-19,-0.112393,-0.095045,-0.066332,-0.078423,-0.130081,-0.042160,0.098773,-0.037996,-0.017931,0.031176
2025-08-20,-0.038772,-0.077029,-0.011856,-0.062233,-0.112988,0.015749,0.065610,-0.093475,0.149603,-0.105121
2025-08-21,0.086582,-0.157705,0.080246,-0.075432,0.018755,-0.095803,0.055183,-0.102745,0.112720,-0.161465
2025-08-22,0.018041,0.027208,0.031261,0.032549,0.019692,0.040090,-0.007335,-0.004857,-0.068734,-0.095102
2025-08-25,0.064041,-0.102857,0.059371,0.007782,-0.004067,-0.105731,0.040899,-0.052502,0.117221,-0.148509
2025-08-26,0.023829,0.037143,0.020174,0.030676,0.004482,0.005227,-0.003588,-0.017603,0.025205,0.073956
2025-08-27,-0.010197,0.067638,-0.010124,0.011173,-0.052240,0.047877,-0.031605,-0.000088,0.092186,0.144914
2025-08-28,-0.058894,0.032646,-0.049082,-0.017855,-0.077935,-0.015086,-0.030702,-0.017284,0.113014,0.211824
2025-08-29,-0.002052,0.045744,0.030789,0.050444,-0.078340,0.039237,-0.003048,0.017323,0.101101,-0.031109
2025-09-02,-0.006019,0.004204,0.060496,-0.022653,-0.103940,0.075704,0.056275,-0.043378,0.084606,-0.057362
2025-09-03,0.091227,-0.070302,0.051510,-0.004838,0.082243,-0.064221,0.070333,-0.060157,0.030036,-0.106865
2025-09-04,-0.040588,-0.027816,-0.018030,0.024620,-0.049371,-0.101941,0.014947,0.006539,-0.054028,0.013714
2025-09-05,-0.007177,0.053535,-0.005298,0.053187,-0.015915,0.050357,0.022328,-0.047631,0.004742,-0.107038
2025-09-08,0.005876,-0.024008,-0.007508,-0.001423,0.034933,-0.004750,0.039289,-0.023936,-0.118668,-0.106804
2025-09-09,-0.013369,0.014520,-0.002021,0.032371,-0.003409,0.004944,-0.005018,0.015846,-0.047943,-0.090871
2025-09-10,0.041411,-0.010355,0.043038,0.045125,0.016425,-0.035197,0.029773,0.019952,-0.034356,-0.118567
2025-09-11,-0.024777,-0.042202,0.057450,0.027551,-0.104374,-0.112908,0.028087,0.072588,-0.054049,-0.091804
2025-09-12,0.014566,-0.018115,-0.016524,0.066402,0.057886,-0.091857,-0.043081,0.034574,0.004974,-0.094598
2025-09-15,0.019504,-0.052167,0.039933,0.017308,0.018347,-0.067967,0.033011,-0.015590,-0.126801,-0.084716
2025-09-16,-0.017993,0.019653,0.042969,0.049840,-0.095089,0.024205,0.017168,0.010065,0.026860,-0.138064
2025-09-17,0.012918,-0.048907,0.012325,0.011315,0.002611,-0.037348,-0.003244,0.060084,0.015021,-0.166047
2025-09-18,-0.038955,0.030953,0.037521,0.076040,-0.086035,-0.028183,0.046124,0.036508,-0.067477,-0.056014
2025-09-19,0.022472,-0.000358,0.069211,-0.054539,-0.033014,0.020727,-0.004623,0.003910,0.052114,0.107533
2025-09-22,-0.031928,0.022429,-0.075898,-0.030592,-0.005625,0.021395,-0.037881,-0.005593,0.112594,0.147669
2025-09-23,0.028111,0.037354,-0.010543,0.005817,0.086501,0.029824,-0.000361,0.016815,-0.056509,0.077282
2025-09-24,-0.054618,0.075978,-0.051996,0.069770,-0.030293,0.050377,0.009121,0.048055,0.016278,-0.026086
2025-09-25,-0.119286,0.085945,-0.076287,0.084644,-0.151184,0.057528,0.002754,0.025426,0.065883,-0.000526
2025-09-26,0.107567,0.120523,0.050943,0.109517,0.122057,0.068566,0.005675,0.027252,-0.002420,-0.001722
2025-09-29,0.078631,0.007298,0.046669,0.038512,0.090825,-0.027646,0.016055,0.005118,-0.041345,-0.041422
2025-09-30,0.060209,-0.086692,0.054640,-0.058093,0.079352,-0.072262,0.007598,0.015995,-0.093532,-0.013367
2025-10-01,0.077303,0.040126,0.090980,0.069782,0.038553,0.017781,0.035674,0.036033,-0.061369,-0.079010
2025-10-02,0.022570,0.113092,0.022137,0.132944,0.012298,0.021684,-0.038834,0.032096,0.024557,0.035308
2025-10-03,0.047631,0.123306,0.063016,0.165271,-0.000914,0.022493,-0.030042,0.005226,0.057903,-0.051928
2025-10-06,0.005669,0.069083,-0.028454,0.081551,0.062094,0.017289,-0.045380,-0.031339,-0.018889,-0.006281
2025-10-07,0.051239,0.049447,-0.030114,0.036196,0.208126,-0.046109,-0.005190,-0.035490,-0.156209,0.141739
2025-10-08,-0.038703,0.096251,-0.000990,0.076767,-0.088540,0.030464,-0.039296,0.021106,0.122552,0.091593
2025-10-09,-0.063528,0.041995,-0.044047,0.021292,-0.060730,0.034649,-0.018898,0.010132,-0.106811,0.113269
2025-10-10,-0.085475,0.032059,-0.056198,0.083851,-0.193614,0.041782,0.103508,-0.095654,0.219239,-0.113142
2025-10-13,-0.005594,-0.018915,0.005048,0.002364,-0.012267,-0.046025,0.010428,-0.002654,0.020566,0.059102
2025-10-14,-0.129824,-0.117052,-0.078855,-0.062277,-0.194816,-0.162523,-0.021008,-0.015769,0.087311,0.014522
2025-10-15,0.048993,-0.102577,-0.016015,-0.117088,0.102631,-0.041594,-0.007385,-0.037693,-0.019197,-0.057409
2025-10-16,-0.032185,-0.126889,0.028150,-0.147229,-0.163439,0.015126,0.068895,-0.001340,0.083140,-0.101841
2025-10-17,0.129831,-0.172669,0.086182,-0.189166,0.173228,-0.087614,-0.018609,0.036612,-0.046066,-0.001383
2025-10-20,-0.171017,-0.205705,-0.177055,-0.203286,-0.063983,-0.084685,0.006047,0.010703,-0.076250,-0.065519
2025-10-21,-0.040398,-0.059572,-0.028729,-0.039406,-0.051667,-0.016263,0.023628,-0.014790,0.039459,-0.105068
2025-10-22,-0.161583,0.116131,-0.072113,0.054365,-0.242543,0.206369,0.075892,-0.069528,0.188174,-0.213943
2025-10-23,-0.034934,-0.042732,-0.066112,-0.054482,0.065139,0.032388,-0.026938,-0.041977,-0.192593,-0.179765
2025-10-24,0.041829,0.114960,0.045455,0.097303,0.032464,0.123670,-0.043761,-0.041149,-0.080021,-0.149484
2025-10-27,-0.049377,0.141900,-0.022834,0.098659,-0.055481,0.131943,-0.048117,0.014497,0.038716,-0.022213
2025-10-28,-0.003071,0.013419,-0.047016,0.010340,0.063034,-0.005307,-0.035454,0.044911,-0.003536,-0.025371
2025-10-29,0.009016,0.004639,-0.027770,0.002868,0.025480,0.006996,0.010575,0.017206,0.049522,0.006611
2025-10-30,-0.000855,0.021956,-0.044871,0.059538,0.086902,-0.052222,-0.036525,0.032097,-0.116261,0.053034
2025-10-31,-0.030771,0.053051,0.034827,0.115976,-0.104219,-0.044463,0.004085,-0.007115,0.052549,0.055084
2025-11-03,0.012387,0.066214,-0.059063,0.099507,0.077278,-0.039326,-0.082877,0.068448,0.083927,0.120243
2025-11-04,0.035184,-0.029550,0.020559,-0.009644,0.040398,-0.055384,-0.020641,0.036463,-0.026182,0.064566
2025-11-05,-0.011374,-0.023881,0.004263,-0.030541,-0.001232,-0.020585,-0.002966,0.030756,-0.030976,0.018174
2025-11-06,0.041400,-0.084906,0.067618,-0.022535,-0.023055,-0.117065,0.032286,0.027062,0.099828,0.030289
2025-11-07,0.005288,-0.022821,-0.058041,0.008207,0.079403,-0.015009,0.060750,0.015846,-0.019158,-0.040389
2025-11-10,-0.079572,-0.008778,-0.029666,-0.012021,-0.135528,-0.051748,-0.032615,0.024819,0.164464,0.170136
2025-11-11,-0.034647,0.060652,-0.058144,-0.001660,-0.009339,0.062980,-0.037263,0.047310,0.017347,0.110036
2025-11-12,-0.080003,0.099758,-0.060664,0.067612,-0.097345,0.012377,-0.051167,0.065559,0.100699,0.183457
2025-11-13,0.022337,0.043648,-0.055672,0.082474,0.175575,-0.103177,-0.037778,0.031850,-0.231049,0.220682
2025-11-14,-0.021057,0.139137,-0.055216,0.122821,0.069074,0.022477,-0.042636,0.045217,-0.047375,0.137798
2025-11-17,-0.000801,0.072807,-0.036269,0.052539,0.064647,0.039907,-0.055808,0.046711,-0.172298,0.089935
2025-11-18,0.025806,-0.075403,0.025899,-0.023120,0.051168,-0.073780,0.033295,0.021261,-0.103369,-0.061625
2025-11-19,-0.004315,-0.070056,0.046957,-0.058322,-0.039915,-0.012928,0.019098,-0.025255,-0.065554,-0.028063
2025-11-20,-0.012853,-0.153599,0.095813,-0.146507,-0.208533,-0.014767,0.115040,-0.067212,0.185019,-0.125863
2025-11-21,0.066585,-0.154207,-0.006046,-0.081469,0.173320,-0.091077,-0.004443,-0.066823,-0.185807,-0.115133
2025-11-24,0.036733,-0.104145,-0.120830,-0.116079,0.232084,0.015338,0.039693,-0.009207,-0.140381,-0.111586
2025-11-25,-0.044961,-0.113130,-0.030325,-0.081288,0.004496,-0.061061,-0.007998,-0.010833,-0.093565,-0.080956
2025-11-26,0.008481,-0.022386,0.004893,-0.056284,0.031192,0.077219,-0.011417,-0.005179,-0.054611,-0.120965
2025-11-28,-0.025395,-0.077139,-0.041359,-0.063498,-0.009026,-0.016942,0.045984,0.041579,-0.047816,-0.112645
2025-12-01,0.094759,-0.146880,0.137178,-0.168951,-0.032483,-0.010212,0.007199,0.050948,0.120636,-0.126901
2025-12-02,0.023547,-0.103032,0.017813,-0.082748,0.035184,-0.023314,0.081848,0.009801,-0.080155,-0.139582
2025-12-03,-0.027109,-0.010597,-0.016087,-0.028940,-0.009246,0.043147,-0.030109,0.001249,-0.038797,-0.115388
2025-12-04,0.024864,-0.075578,0.013258,-0.035117,0.027358,-0.069036,-0.028627,0.009084,0.006499,-0.099355
2025-12-05,0.033038,-0.064093,0.064161,-0.034096,0.017343,-0.027925,-0.006398,0.048465,-0.108794,-0.104699
2025-12-08,-0.015341,-0.043089,0.010904,0.009553,-0.077805,-0.045560,0.053233,0.022891,0.064005,-0.095706
2025-12-09,0.025651,0.108209,0.019869,0.050680,0.017797,0.136625,-0.002548,0.011903,0.057197,0.047857
2025-12-10,0.024729,0.179011,-0.024378,0.138907,0.046388,0.132643,-0.044090,-0.016834,0.130513,0.135394
2025-12-11,-0.048826,0.154315,-0.039663,0.088574,-0.060098,0.101840,-0.096886,0.010559,0.112055,0.161122
2025-12-12,0.094983,-0.038124,-0.028665,0.038305,0.254447,-0.167870,-0.019855,0.045093,-0.193686,0.151129
2025-12-15,-0.022477,0.066727,-0.050248,0.043240,0.014085,0.033357,-0.021230,0.056390,0.040976,0.053216
2025-12-16,0.008849,-0.079170,-0.032542,-0.039347,0.024936,-0.066436,0.021521,-0.046703,0.061078,-0.064442
2025-12-17,-0.047763,-0.023128,0.101459,-0.091273,-0.258745,0.137670,0.110659,-0.125197,0.187919,-0.163136
2025-12-18,-0.030205,-0.090526,-0.070190,-0.102516,0.105566,0.022676,-0.050430,-0.117306,-0.240812,-0.154447
2025-12-19,-0.008127,-0.014951,-0.066729,-0.051948,0.097728,0.042641,-0.014275,0.001023,-0.174436,-0.128525
2025-12-22,-0.023781,0.022640,-0.001409,0.047677,-0.012560,-0.000984,-0.033729,-0.062885,-0.130124,-0.097639
2025-12-23,-0.075716,-0.000028,-0.073223,-0.021883,-0.045840,0.018411,0.007844,-0.065509,-0.008286,0.023566
2025-12-24,0.042571,0.074409,0.041187,-0.026053,-0.009611,0.096333,-0.031006,-0.084898,0.097646,0.022807
2025-12-26,0.012872,0.071801,-0.021307,0.039320,0.034887,0.003190,0.007556,-0.003052,-0.024493,0.122004
